benchmark	condition	estimator	metric	mean	sd	mcse	n_reps	notes
B1_selection_law	X only	naive	trait_bias_sd	0.385187	0.0558321	0.00882782	40	signed error of the weighted trait mean, in population SD units; held out
B1_selection_law	X only	naive	trait_rmse_sd	0.389112	NA	NA	40	root mean square of the per-replication signed error
B1_selection_law	X only	naive	unanchored_prevalence_error_pct	5.72466	34.8718	5.51371	40	disease 2, whose register value was never supplied
B1_selection_law	X only	naive	worst_held_out_smd	0.414335	0.127913	0.0202249	40	four covariate margins excluded from the solve
B1_selection_law	X only	naive	kish_ess	2506.2	43.2329	6.83573	40	participants ~2500
B1_selection_law	X only	naive	max_weight_share	1	1.69589e-16	2.68144e-17	40	largest weight in units of an equal share
B1_selection_law	X only	naive	case_mix_liability_error	-0.00158202	0.0373859	0.00591122	40	mean liability among cases minus its population value; held out
B1_selection_law	X only	ipw	trait_bias_sd	0.00262204	0.0248723	0.00393266	40	signed error of the weighted trait mean, in population SD units; held out
B1_selection_law	X only	ipw	trait_rmse_sd	0.024699	NA	NA	40	root mean square of the per-replication signed error
B1_selection_law	X only	ipw	unanchored_prevalence_error_pct	-1.2547	9.84031	1.55589	40	disease 2, whose register value was never supplied
B1_selection_law	X only	ipw	worst_held_out_smd	0.0297588	0.0122939	0.00194384	40	four covariate margins excluded from the solve
B1_selection_law	X only	ipw	kish_ess	1377.77	101.326	16.0211	40	participants ~2500
B1_selection_law	X only	ipw	max_weight_share	13.222	6.69293	1.05825	40	largest weight in units of an equal share
B1_selection_law	X only	ipw	case_mix_liability_error	0.0019445	0.0453566	0.00717151	40	mean liability among cases minus its population value; held out
B1_selection_law	X only	cal	trait_bias_sd	0.381051	0.0322325	0.0050964	40	signed error of the weighted trait mean, in population SD units; held out
B1_selection_law	X only	cal	trait_rmse_sd	0.382378	NA	NA	40	root mean square of the per-replication signed error
B1_selection_law	X only	cal	unanchored_prevalence_error_pct	5.47509	34.3028	5.42374	40	disease 2, whose register value was never supplied
B1_selection_law	X only	cal	worst_held_out_smd	0.410731	0.128886	0.0203787	40	four covariate margins excluded from the solve
B1_selection_law	X only	cal	kish_ess	2488	46.9977	7.43099	40	participants ~2500
B1_selection_law	X only	cal	max_weight_share	1.14977	0.206492	0.0326493	40	largest weight in units of an equal share
B1_selection_law	X only	cal	case_mix_liability_error	-0.00158202	0.0373859	0.00591122	40	mean liability among cases minus its population value; held out
B1_selection_law	X only	ipw+cal	trait_bias_sd	0.00530739	0.025636	0.0040534	40	signed error of the weighted trait mean, in population SD units; held out
B1_selection_law	X only	ipw+cal	trait_rmse_sd	0.0258639	NA	NA	40	root mean square of the per-replication signed error
B1_selection_law	X only	ipw+cal	unanchored_prevalence_error_pct	-1.31439	9.81857	1.55245	40	disease 2, whose register value was never supplied
B1_selection_law	X only	ipw+cal	worst_held_out_smd	0.0290291	0.0120902	0.00191164	40	four covariate margins excluded from the solve
B1_selection_law	X only	ipw+cal	kish_ess	1377.11	99.9128	15.7976	40	participants ~2500
B1_selection_law	X only	ipw+cal	max_weight_share	13.2253	6.57622	1.03979	40	largest weight in units of an equal share
B1_selection_law	X only	ipw+cal	case_mix_liability_error	0.0019445	0.0453566	0.00717151	40	mean liability among cases minus its population value; held out
B1_selection_law	X only	ipw+cal/s	trait_bias_sd	0.00647326	0.025677	0.00405989	40	signed error of the weighted trait mean, in population SD units; held out
B1_selection_law	X only	ipw+cal/s	trait_rmse_sd	0.0261673	NA	NA	40	root mean square of the per-replication signed error
B1_selection_law	X only	ipw+cal/s	unanchored_prevalence_error_pct	-1.31773	9.85228	1.55778	40	disease 2, whose register value was never supplied
B1_selection_law	X only	ipw+cal/s	worst_held_out_smd	0.0291533	0.0120088	0.00189876	40	four covariate margins excluded from the solve
B1_selection_law	X only	ipw+cal/s	kish_ess	1380.25	97.8666	15.4741	40	participants ~2500
B1_selection_law	X only	ipw+cal/s	max_weight_share	13.0488	6.36038	1.00566	40	largest weight in units of an equal share
B1_selection_law	X only	ipw+cal/s	case_mix_liability_error	0.00170312	0.0452951	0.00716178	40	mean liability among cases minus its population value; held out
B1_selection_law	X only	oracle	trait_bias_sd	-0.0056183	0.0258851	0.00409279	40	signed error of the weighted trait mean, in population SD units; held out
B1_selection_law	X only	oracle	trait_rmse_sd	0.0261697	NA	NA	40	root mean square of the per-replication signed error
B1_selection_law	X only	oracle	unanchored_prevalence_error_pct	-0.568281	10.0879	1.59504	40	disease 2, whose register value was never supplied
B1_selection_law	X only	oracle	worst_held_out_smd	0.0403724	0.0149166	0.00235853	40	four covariate margins excluded from the solve
B1_selection_law	X only	oracle	kish_ess	1353.17	82.5747	13.0562	40	participants ~2500
B1_selection_law	X only	oracle	max_weight_share	13.4711	6.79831	1.07491	40	largest weight in units of an equal share
B1_selection_law	X only	oracle	case_mix_liability_error	0.00130176	0.0443291	0.00700904	40	mean liability among cases minus its population value; held out
B1_selection_law	X only	aipw	trait_bias_sd	0.00149824	0.0212181	0.00335488	40	signed error of the weighted trait mean, in population SD units; held out
B1_selection_law	X only	aipw	trait_rmse_sd	0.0210047	NA	NA	40	root mean square of the per-replication signed error
B1_selection_law	Y only	naive	trait_bias_sd	0.298148	0.0408288	0.0064556	40	signed error of the weighted trait mean, in population SD units; held out
B1_selection_law	Y only	naive	trait_rmse_sd	0.300861	NA	NA	40	root mean square of the per-replication signed error
B1_selection_law	Y only	naive	unanchored_prevalence_error_pct	-2.51536	14.3747	2.27284	40	disease 2, whose register value was never supplied
B1_selection_law	Y only	naive	worst_held_out_smd	0.160511	0.0442154	0.00699107	40	four covariate margins excluded from the solve
B1_selection_law	Y only	naive	kish_ess	2510.07	53.0565	8.38897	40	participants ~2500
B1_selection_law	Y only	naive	max_weight_share	1	1.58013e-16	2.4984e-17	40	largest weight in units of an equal share
B1_selection_law	Y only	naive	case_mix_liability_error	0.000363163	0.0087849	0.00138901	40	mean liability among cases minus its population value; held out
B1_selection_law	Y only	ipw	trait_bias_sd	0.149963	0.0247239	0.00390919	40	signed error of the weighted trait mean, in population SD units; held out
B1_selection_law	Y only	ipw	trait_rmse_sd	0.151937	NA	NA	40	root mean square of the per-replication signed error
B1_selection_law	Y only	ipw	unanchored_prevalence_error_pct	1.1332	7.20024	1.13846	40	disease 2, whose register value was never supplied
B1_selection_law	Y only	ipw	worst_held_out_smd	0.0281304	0.0104384	0.00165045	40	four covariate margins excluded from the solve
B1_selection_law	Y only	ipw	kish_ess	2223.16	62.4492	9.87409	40	participants ~2500
B1_selection_law	Y only	ipw	max_weight_share	3.22924	0.608016	0.0961358	40	largest weight in units of an equal share
B1_selection_law	Y only	ipw	case_mix_liability_error	-0.0307051	0.010587	0.00167395	40	mean liability among cases minus its population value; held out
B1_selection_law	Y only	cal	trait_bias_sd	0.00339985	0.0232576	0.00367735	40	signed error of the weighted trait mean, in population SD units; held out
B1_selection_law	Y only	cal	trait_rmse_sd	0.0232154	NA	NA	40	root mean square of the per-replication signed error
B1_selection_law	Y only	cal	unanchored_prevalence_error_pct	-0.46946	8.83552	1.39702	40	disease 2, whose register value was never supplied
B1_selection_law	Y only	cal	worst_held_out_smd	0.0346014	0.0130577	0.0020646	40	four covariate margins excluded from the solve
B1_selection_law	Y only	cal	kish_ess	1910.78	53.8673	8.51717	40	participants ~2500
B1_selection_law	Y only	cal	max_weight_share	1.42996	0.0199275	0.00315081	40	largest weight in units of an equal share
B1_selection_law	Y only	cal	case_mix_liability_error	0.000363163	0.0087849	0.00138901	40	mean liability among cases minus its population value; held out
B1_selection_law	Y only	ipw+cal	trait_bias_sd	-0.064916	0.0503642	0.00796327	40	signed error of the weighted trait mean, in population SD units; held out
B1_selection_law	Y only	ipw+cal	trait_rmse_sd	0.0817755	NA	NA	40	root mean square of the per-replication signed error
B1_selection_law	Y only	ipw+cal	unanchored_prevalence_error_pct	3.41791	12.0326	1.90252	40	disease 2, whose register value was never supplied
B1_selection_law	Y only	ipw+cal	worst_held_out_smd	0.146029	0.0416919	0.00659207	40	four covariate margins excluded from the solve
B1_selection_law	Y only	ipw+cal	kish_ess	1735.67	60.2418	9.52507	40	participants ~2500
B1_selection_law	Y only	ipw+cal	max_weight_share	4.07525	0.756791	0.119659	40	largest weight in units of an equal share
B1_selection_law	Y only	ipw+cal	case_mix_liability_error	-0.0307051	0.010587	0.00167395	40	mean liability among cases minus its population value; held out
B1_selection_law	Y only	ipw+cal/s	trait_bias_sd	-0.0511449	0.0520281	0.00822636	40	signed error of the weighted trait mean, in population SD units; held out
B1_selection_law	Y only	ipw+cal/s	trait_rmse_sd	0.0724917	NA	NA	40	root mean square of the per-replication signed error
B1_selection_law	Y only	ipw+cal/s	unanchored_prevalence_error_pct	3.53006	12.0825	1.91041	40	disease 2, whose register value was never supplied
B1_selection_law	Y only	ipw+cal/s	worst_held_out_smd	0.148881	0.0419059	0.0066259	40	four covariate margins excluded from the solve
B1_selection_law	Y only	ipw+cal/s	kish_ess	1764.77	57.8255	9.14301	40	participants ~2500
B1_selection_law	Y only	ipw+cal/s	max_weight_share	3.83456	0.665573	0.105236	40	largest weight in units of an equal share
B1_selection_law	Y only	ipw+cal/s	case_mix_liability_error	-0.0240593	0.0103557	0.00163738	40	mean liability among cases minus its population value; held out
B1_selection_law	Y only	oracle	trait_bias_sd	0.00310861	0.0233566	0.003693	40	signed error of the weighted trait mean, in population SD units; held out
B1_selection_law	Y only	oracle	trait_rmse_sd	0.0232714	NA	NA	40	root mean square of the per-replication signed error
B1_selection_law	Y only	oracle	unanchored_prevalence_error_pct	-0.458779	8.81972	1.39452	40	disease 2, whose register value was never supplied
B1_selection_law	Y only	oracle	worst_held_out_smd	0.0343136	0.0129687	0.00205053	40	four covariate margins excluded from the solve
B1_selection_law	Y only	oracle	kish_ess	1910.32	46.5356	7.35793	40	participants ~2500
B1_selection_law	Y only	oracle	max_weight_share	1.43005	0.0145886	0.00230667	40	largest weight in units of an equal share
B1_selection_law	Y only	oracle	case_mix_liability_error	0.000363163	0.0087849	0.00138901	40	mean liability among cases minus its population value; held out
B1_selection_law	Y only	aipw	trait_bias_sd	0.047664	0.0138332	0.00218722	40	signed error of the weighted trait mean, in population SD units; held out
B1_selection_law	Y only	aipw	trait_rmse_sd	0.0495825	NA	NA	40	root mean square of the per-replication signed error
B1_selection_law	X + Y	naive	trait_bias_sd	0.479256	0.0743031	0.0117484	40	signed error of the weighted trait mean, in population SD units; held out
B1_selection_law	X + Y	naive	trait_rmse_sd	0.484839	NA	NA	40	root mean square of the per-replication signed error
B1_selection_law	X + Y	naive	unanchored_prevalence_error_pct	1.83175	26.1268	4.13102	40	disease 2, whose register value was never supplied
B1_selection_law	X + Y	naive	worst_held_out_smd	0.309682	0.102529	0.0162113	40	four covariate margins excluded from the solve
B1_selection_law	X + Y	naive	kish_ess	2507.42	45.9386	7.26353	40	participants ~2500
B1_selection_law	X + Y	naive	max_weight_share	1	1.89815e-16	3.00124e-17	40	largest weight in units of an equal share
B1_selection_law	X + Y	naive	case_mix_liability_error	-0.00118567	0.019446	0.00307469	40	mean liability among cases minus its population value; held out
B1_selection_law	X + Y	ipw	trait_bias_sd	0.12	0.0318346	0.00503349	40	signed error of the weighted trait mean, in population SD units; held out
B1_selection_law	X + Y	ipw	trait_rmse_sd	0.124049	NA	NA	40	root mean square of the per-replication signed error
B1_selection_law	X + Y	ipw	unanchored_prevalence_error_pct	0.179701	8.4313	1.3331	40	disease 2, whose register value was never supplied
B1_selection_law	X + Y	ipw	worst_held_out_smd	0.0233971	0.0118685	0.00187658	40	four covariate margins excluded from the solve
B1_selection_law	X + Y	ipw	kish_ess	1755.35	164.472	26.0053	40	participants ~2500
B1_selection_law	X + Y	ipw	max_weight_share	7.7218	3.09041	0.488637	40	largest weight in units of an equal share
B1_selection_law	X + Y	ipw	case_mix_liability_error	-0.0235333	0.0143168	0.00226368	40	mean liability among cases minus its population value; held out
B1_selection_law	X + Y	cal	trait_bias_sd	0.292967	0.0292585	0.00462617	40	signed error of the weighted trait mean, in population SD units; held out
B1_selection_law	X + Y	cal	trait_rmse_sd	0.294388	NA	NA	40	root mean square of the per-replication signed error
B1_selection_law	X + Y	cal	unanchored_prevalence_error_pct	3.65011	26.4935	4.18899	40	disease 2, whose register value was never supplied
B1_selection_law	X + Y	cal	worst_held_out_smd	0.307295	0.0968086	0.0153068	40	four covariate margins excluded from the solve
B1_selection_law	X + Y	cal	kish_ess	2147.07	94.3881	14.9241	40	participants ~2500
B1_selection_law	X + Y	cal	max_weight_share	1.26005	0.0577389	0.00912933	40	largest weight in units of an equal share
B1_selection_law	X + Y	cal	case_mix_liability_error	-0.00118567	0.019446	0.00307469	40	mean liability among cases minus its population value; held out
B1_selection_law	X + Y	ipw+cal	trait_bias_sd	-0.03402	0.0429139	0.00678529	40	signed error of the weighted trait mean, in population SD units; held out
B1_selection_law	X + Y	ipw+cal	trait_rmse_sd	0.0543408	NA	NA	40	root mean square of the per-replication signed error
B1_selection_law	X + Y	ipw+cal	unanchored_prevalence_error_pct	1.40539	10.2	1.61275	40	disease 2, whose register value was never supplied
B1_selection_law	X + Y	ipw+cal	worst_held_out_smd	0.106286	0.0303907	0.00480519	40	four covariate margins excluded from the solve
B1_selection_law	X + Y	ipw+cal	kish_ess	1518.32	191.029	30.2044	40	participants ~2500
B1_selection_law	X + Y	ipw+cal	max_weight_share	8.91356	3.57777	0.565695	40	largest weight in units of an equal share
B1_selection_law	X + Y	ipw+cal	case_mix_liability_error	-0.0235333	0.0143168	0.00226368	40	mean liability among cases minus its population value; held out
B1_selection_law	X + Y	ipw+cal/s	trait_bias_sd	-0.023205	0.0427118	0.00675333	40	signed error of the weighted trait mean, in population SD units; held out
B1_selection_law	X + Y	ipw+cal/s	trait_rmse_sd	0.0481369	NA	NA	40	root mean square of the per-replication signed error
B1_selection_law	X + Y	ipw+cal/s	unanchored_prevalence_error_pct	1.54115	10.1654	1.60729	40	disease 2, whose register value was never supplied
B1_selection_law	X + Y	ipw+cal/s	worst_held_out_smd	0.107907	0.0308282	0.00487436	40	four covariate margins excluded from the solve
B1_selection_law	X + Y	ipw+cal/s	kish_ess	1536.07	192.333	30.4105	40	participants ~2500
B1_selection_law	X + Y	ipw+cal/s	max_weight_share	8.71523	3.41065	0.539271	40	largest weight in units of an equal share
B1_selection_law	X + Y	ipw+cal/s	case_mix_liability_error	-0.0184255	0.01455	0.00230056	40	mean liability among cases minus its population value; held out
B1_selection_law	X + Y	oracle	trait_bias_sd	0.0012867	0.0253866	0.00401397	40	signed error of the weighted trait mean, in population SD units; held out
B1_selection_law	X + Y	oracle	trait_rmse_sd	0.0251002	NA	NA	40	root mean square of the per-replication signed error
B1_selection_law	X + Y	oracle	unanchored_prevalence_error_pct	-0.42876	10.0065	1.58217	40	disease 2, whose register value was never supplied
B1_selection_law	X + Y	oracle	worst_held_out_smd	0.0361277	0.0117684	0.00186075	40	four covariate margins excluded from the solve
B1_selection_law	X + Y	oracle	kish_ess	1538.77	81.2106	12.8405	40	participants ~2500
B1_selection_law	X + Y	oracle	max_weight_share	8.15897	2.44533	0.386641	40	largest weight in units of an equal share
B1_selection_law	X + Y	oracle	case_mix_liability_error	-0.000868986	0.0140989	0.00222923	40	mean liability among cases minus its population value; held out
B1_selection_law	X + Y	aipw	trait_bias_sd	0.0310508	0.0195761	0.00309526	40	signed error of the weighted trait mean, in population SD units; held out
B1_selection_law	X + Y	aipw	trait_rmse_sd	0.0365759	NA	NA	40	root mean square of the per-replication signed error
B1_selection_law	X x Y	naive	trait_bias_sd	0.558208	0.104888	0.0165843	40	signed error of the weighted trait mean, in population SD units; held out
B1_selection_law	X x Y	naive	trait_rmse_sd	0.567735	NA	NA	40	root mean square of the per-replication signed error
B1_selection_law	X x Y	naive	unanchored_prevalence_error_pct	2.4757	30.5432	4.8293	40	disease 2, whose register value was never supplied
B1_selection_law	X x Y	naive	worst_held_out_smd	0.370594	0.118993	0.0188145	40	four covariate margins excluded from the solve
B1_selection_law	X x Y	naive	kish_ess	2507.75	45.6928	7.22467	40	participants ~2500
B1_selection_law	X x Y	naive	max_weight_share	1	1.45518e-16	2.30083e-17	40	largest weight in units of an equal share
B1_selection_law	X x Y	naive	case_mix_liability_error	-0.00159216	0.0293719	0.0046441	40	mean liability among cases minus its population value; held out
B1_selection_law	X x Y	ipw	trait_bias_sd	0.0742888	0.0448218	0.00708694	40	signed error of the weighted trait mean, in population SD units; held out
B1_selection_law	X x Y	ipw	trait_rmse_sd	0.086473	NA	NA	40	root mean square of the per-replication signed error
B1_selection_law	X x Y	ipw	unanchored_prevalence_error_pct	0.079928	8.37837	1.32474	40	disease 2, whose register value was never supplied
B1_selection_law	X x Y	ipw	worst_held_out_smd	0.0574758	0.0249564	0.00394595	40	four covariate margins excluded from the solve
B1_selection_law	X x Y	ipw	kish_ess	1450.79	249.881	39.5096	40	participants ~2500
B1_selection_law	X x Y	ipw	max_weight_share	12.0451	6.12795	0.968913	40	largest weight in units of an equal share
B1_selection_law	X x Y	ipw	case_mix_liability_error	-0.0266153	0.0167844	0.00265385	40	mean liability among cases minus its population value; held out
B1_selection_law	X x Y	cal	trait_bias_sd	0.310944	0.0271384	0.00429097	40	signed error of the weighted trait mean, in population SD units; held out
B1_selection_law	X x Y	cal	trait_rmse_sd	0.312097	NA	NA	40	root mean square of the per-replication signed error
B1_selection_law	X x Y	cal	unanchored_prevalence_error_pct	3.84054	28.5865	4.51993	40	disease 2, whose register value was never supplied
B1_selection_law	X x Y	cal	worst_held_out_smd	0.331759	0.105808	0.0167297	40	four covariate margins excluded from the solve
B1_selection_law	X x Y	cal	kish_ess	2070.91	173.323	27.4048	40	participants ~2500
B1_selection_law	X x Y	cal	max_weight_share	1.31698	0.120051	0.0189818	40	largest weight in units of an equal share
B1_selection_law	X x Y	cal	case_mix_liability_error	-0.00159216	0.0293719	0.0046441	40	mean liability among cases minus its population value; held out
B1_selection_law	X x Y	ipw+cal	trait_bias_sd	-0.08281	0.0662269	0.0104714	40	signed error of the weighted trait mean, in population SD units; held out
B1_selection_law	X x Y	ipw+cal	trait_rmse_sd	0.105517	NA	NA	40	root mean square of the per-replication signed error
B1_selection_law	X x Y	ipw+cal	unanchored_prevalence_error_pct	1.21506	11.3722	1.7981	40	disease 2, whose register value was never supplied
B1_selection_law	X x Y	ipw+cal	worst_held_out_smd	0.127065	0.051456	0.00813591	40	four covariate margins excluded from the solve
B1_selection_law	X x Y	ipw+cal	kish_ess	1239.12	274.833	43.4549	40	participants ~2500
B1_selection_law	X x Y	ipw+cal	max_weight_share	13.8729	7.06817	1.11758	40	largest weight in units of an equal share
B1_selection_law	X x Y	ipw+cal	case_mix_liability_error	-0.0266153	0.0167844	0.00265385	40	mean liability among cases minus its population value; held out
B1_selection_law	X x Y	ipw+cal/s	trait_bias_sd	-0.0695734	0.0642645	0.0101611	40	signed error of the weighted trait mean, in population SD units; held out
B1_selection_law	X x Y	ipw+cal/s	trait_rmse_sd	0.0941655	NA	NA	40	root mean square of the per-replication signed error
B1_selection_law	X x Y	ipw+cal/s	unanchored_prevalence_error_pct	1.32674	11.3444	1.79371	40	disease 2, whose register value was never supplied
B1_selection_law	X x Y	ipw+cal/s	worst_held_out_smd	0.128669	0.0507797	0.00802898	40	four covariate margins excluded from the solve
B1_selection_law	X x Y	ipw+cal/s	kish_ess	1260.37	273.091	43.1795	40	participants ~2500
B1_selection_law	X x Y	ipw+cal/s	max_weight_share	13.4426	6.50803	1.02901	40	largest weight in units of an equal share
B1_selection_law	X x Y	ipw+cal/s	case_mix_liability_error	-0.0204885	0.0184203	0.00291251	40	mean liability among cases minus its population value; held out
B1_selection_law	X x Y	oracle	trait_bias_sd	0.000602464	0.0278929	0.00441025	40	signed error of the weighted trait mean, in population SD units; held out
B1_selection_law	X x Y	oracle	trait_rmse_sd	0.0275486	NA	NA	40	root mean square of the per-replication signed error
B1_selection_law	X x Y	oracle	unanchored_prevalence_error_pct	-0.569183	10.2208	1.61605	40	disease 2, whose register value was never supplied
B1_selection_law	X x Y	oracle	worst_held_out_smd	0.0383111	0.0133119	0.00210479	40	four covariate margins excluded from the solve
B1_selection_law	X x Y	oracle	kish_ess	1408.18	132.254	20.9111	40	participants ~2500
B1_selection_law	X x Y	oracle	max_weight_share	11.5652	7.21336	1.14053	40	largest weight in units of an equal share
B1_selection_law	X x Y	oracle	case_mix_liability_error	0.00461355	0.0312615	0.00494288	40	mean liability among cases minus its population value; held out
B1_selection_law	X x Y	aipw	trait_bias_sd	0.0356854	0.0234504	0.00370784	40	signed error of the weighted trait mean, in population SD units; held out
B1_selection_law	X x Y	aipw	trait_rmse_sd	0.0425397	NA	NA	40	root mean square of the per-replication signed error
B1_selection_law	severity	naive	trait_bias_sd	0.547727	0.0820401	0.0129717	40	signed error of the weighted trait mean, in population SD units; held out
B1_selection_law	severity	naive	trait_rmse_sd	0.553685	NA	NA	40	root mean square of the per-replication signed error
B1_selection_law	severity	naive	unanchored_prevalence_error_pct	1.24052	26.7888	4.23569	40	disease 2, whose register value was never supplied
B1_selection_law	severity	naive	worst_held_out_smd	0.307753	0.109065	0.0172446	40	four covariate margins excluded from the solve
B1_selection_law	severity	naive	kish_ess	2510.6	49.0828	7.76067	40	participants ~2500
B1_selection_law	severity	naive	max_weight_share	1	1.35392e-16	2.14073e-17	40	largest weight in units of an equal share
B1_selection_law	severity	naive	case_mix_liability_error	0.0850434	0.0115251	0.00182229	40	mean liability among cases minus its population value; held out
B1_selection_law	severity	ipw	trait_bias_sd	0.158807	0.0407364	0.006441	40	signed error of the weighted trait mean, in population SD units; held out
B1_selection_law	severity	ipw	trait_rmse_sd	0.163822	NA	NA	40	root mean square of the per-replication signed error
B1_selection_law	severity	ipw	unanchored_prevalence_error_pct	0.684652	9.38812	1.48439	40	disease 2, whose register value was never supplied
B1_selection_law	severity	ipw	worst_held_out_smd	0.0333337	0.0157922	0.00249696	40	four covariate margins excluded from the solve
B1_selection_law	severity	ipw	kish_ess	1706.18	223.325	35.3108	40	participants ~2500
B1_selection_law	severity	ipw	max_weight_share	8.48518	3.73048	0.589841	40	largest weight in units of an equal share
B1_selection_law	severity	ipw	case_mix_liability_error	0.0597602	0.0190851	0.00301763	40	mean liability among cases minus its population value; held out
B1_selection_law	severity	cal	trait_bias_sd	0.297238	0.030757	0.00486312	40	signed error of the weighted trait mean, in population SD units; held out
B1_selection_law	severity	cal	trait_rmse_sd	0.298785	NA	NA	40	root mean square of the per-replication signed error
B1_selection_law	severity	cal	unanchored_prevalence_error_pct	3.42098	27.4861	4.34594	40	disease 2, whose register value was never supplied
B1_selection_law	severity	cal	worst_held_out_smd	0.305856	0.0972022	0.015369	40	four covariate margins excluded from the solve
B1_selection_law	severity	cal	kish_ess	1980.85	99.7508	15.772	40	participants ~2500
B1_selection_law	severity	cal	max_weight_share	1.37883	0.0695902	0.0110032	40	largest weight in units of an equal share
B1_selection_law	severity	cal	case_mix_liability_error	0.0850434	0.0115251	0.00182229	40	mean liability among cases minus its population value; held out
B1_selection_law	severity	ipw+cal	trait_bias_sd	-0.0400601	0.0568606	0.00899045	40	signed error of the weighted trait mean, in population SD units; held out
B1_selection_law	severity	ipw+cal	trait_rmse_sd	0.0689718	NA	NA	40	root mean square of the per-replication signed error
B1_selection_law	severity	ipw+cal	unanchored_prevalence_error_pct	2.35693	13.2763	2.09917	40	disease 2, whose register value was never supplied
B1_selection_law	severity	ipw+cal	worst_held_out_smd	0.147799	0.0410645	0.00649287	40	four covariate margins excluded from the solve
B1_selection_law	severity	ipw+cal	kish_ess	1369.77	226.195	35.7646	40	participants ~2500
B1_selection_law	severity	ipw+cal	max_weight_share	10.3958	4.51182	0.713381	40	largest weight in units of an equal share
B1_selection_law	severity	ipw+cal	case_mix_liability_error	0.0597602	0.0190851	0.00301763	40	mean liability among cases minus its population value; held out
B1_selection_law	severity	ipw+cal/s	trait_bias_sd	-0.0246532	0.0566436	0.00895614	40	signed error of the weighted trait mean, in population SD units; held out
B1_selection_law	severity	ipw+cal/s	trait_rmse_sd	0.0611234	NA	NA	40	root mean square of the per-replication signed error
B1_selection_law	severity	ipw+cal/s	unanchored_prevalence_error_pct	2.51522	13.3058	2.10384	40	disease 2, whose register value was never supplied
B1_selection_law	severity	ipw+cal/s	worst_held_out_smd	0.149679	0.0413167	0.00653274	40	four covariate margins excluded from the solve
B1_selection_law	severity	ipw+cal/s	kish_ess	1399.74	228.062	36.0597	40	participants ~2500
B1_selection_law	severity	ipw+cal/s	max_weight_share	9.94832	4.14962	0.656112	40	largest weight in units of an equal share
B1_selection_law	severity	ipw+cal/s	case_mix_liability_error	0.0669684	0.0188853	0.00298603	40	mean liability among cases minus its population value; held out
B1_selection_law	severity	oracle	trait_bias_sd	-7.68161e-05	0.0296987	0.00469577	40	signed error of the weighted trait mean, in population SD units; held out
B1_selection_law	severity	oracle	trait_rmse_sd	0.0293252	NA	NA	40	root mean square of the per-replication signed error
B1_selection_law	severity	oracle	unanchored_prevalence_error_pct	-0.869747	11.3611	1.79635	40	disease 2, whose register value was never supplied
B1_selection_law	severity	oracle	worst_held_out_smd	0.0384835	0.0121902	0.00192744	40	four covariate margins excluded from the solve
B1_selection_law	severity	oracle	kish_ess	1409.48	86.4242	13.6649	40	participants ~2500
B1_selection_law	severity	oracle	max_weight_share	8.9867	2.74397	0.43386	40	largest weight in units of an equal share
B1_selection_law	severity	oracle	case_mix_liability_error	0.00124216	0.010377	0.00164075	40	mean liability among cases minus its population value; held out
B1_selection_law	severity	aipw	trait_bias_sd	0.0517048	0.0232212	0.0036716	40	signed error of the weighted trait mean, in population SD units; held out
B1_selection_law	severity	aipw	trait_rmse_sd	0.0565609	NA	NA	40	root mean square of the per-replication signed error
B2_anchor_information	none	ipw+cal	trait_bias_sd	0.126016	0.032653	0.0051629	40	held-out trait mean, population SD units
B2_anchor_information	none	ipw+cal	trait_rmse_sd	0.130075	NA	NA	40	root mean square of the per-replication signed error
B2_anchor_information	none	ipw+cal	kish_ess	1755.53	171.363	27.0948	40	cost of each extra constraint
B2_anchor_information	none	ipw+cal	max_weight_share	7.7757	3.05137	0.482464	40	
B2_anchor_information	none	ipw+cal	worst_held_out_smd	0.0232774	0.0123599	0.00195427	40	four covariate margins excluded from every rung
B2_anchor_information	none	ipw+cal	comorbidity_error	0.018501	0.00732244	0.00115778	40	held out at this rung
B2_anchor_information	K(Y1)	ipw+cal	trait_bias_sd	-0.0344929	0.0443527	0.00701278	40	held-out trait mean, population SD units
B2_anchor_information	K(Y1)	ipw+cal	trait_rmse_sd	0.0557472	NA	NA	40	root mean square of the per-replication signed error
B2_anchor_information	K(Y1)	ipw+cal	kish_ess	1500.86	194.195	30.7049	40	cost of each extra constraint
B2_anchor_information	K(Y1)	ipw+cal	max_weight_share	9.04874	3.58254	0.566449	40	
B2_anchor_information	K(Y1)	ipw+cal	worst_held_out_smd	0.111353	0.031858	0.00503718	40	four covariate margins excluded from every rung
B2_anchor_information	K(Y1)	ipw+cal	comorbidity_error	0.00439137	0.00188034	0.000297308	40	held out at this rung
B2_anchor_information	K(Y1), K(Y2)	ipw+cal	trait_bias_sd	-0.0340596	0.0440982	0.00697254	40	held-out trait mean, population SD units
B2_anchor_information	K(Y1), K(Y2)	ipw+cal	trait_rmse_sd	0.0552819	NA	NA	40	root mean square of the per-replication signed error
B2_anchor_information	K(Y1), K(Y2)	ipw+cal	kish_ess	1500.42	192.569	30.4479	40	cost of each extra constraint
B2_anchor_information	K(Y1), K(Y2)	ipw+cal	max_weight_share	9.04474	3.55315	0.561803	40	
B2_anchor_information	K(Y1), K(Y2)	ipw+cal	worst_held_out_smd	0.110935	0.0315949	0.0049956	40	four covariate margins excluded from every rung
B2_anchor_information	K(Y1), K(Y2)	ipw+cal	comorbidity_error	0.00372918	0.00167444	0.000264753	40	held out at this rung
B2_anchor_information	+ co-occurrence	ipw+cal	trait_bias_sd	-0.0335724	0.0439258	0.00694528	40	held-out trait mean, population SD units
B2_anchor_information	+ co-occurrence	ipw+cal	trait_rmse_sd	0.0548484	NA	NA	40	root mean square of the per-replication signed error
B2_anchor_information	+ co-occurrence	ipw+cal	kish_ess	1499.67	192.158	30.3828	40	cost of each extra constraint
B2_anchor_information	+ co-occurrence	ipw+cal	max_weight_share	9.05108	3.56543	0.563743	40	
B2_anchor_information	+ co-occurrence	ipw+cal	worst_held_out_smd	0.110909	0.0314044	0.00496546	40	four covariate margins excluded from every rung
B2_anchor_information	+ co-occurrence	ipw+cal	comorbidity_error	-4.94936e-10	1.85267e-09	2.92933e-10	40	constrained at this rung: an identity, not a finding
B2_anchor_information	per stratum	ipw+cal	trait_bias_sd	-0.0231222	0.0442202	0.00699182	40	held-out trait mean, population SD units
B2_anchor_information	per stratum	ipw+cal	trait_rmse_sd	0.0494082	NA	NA	40	root mean square of the per-replication signed error
B2_anchor_information	per stratum	ipw+cal	kish_ess	1520.17	195.989	30.9886	40	cost of each extra constraint
B2_anchor_information	per stratum	ipw+cal	max_weight_share	8.82406	3.43795	0.543587	40	
B2_anchor_information	per stratum	ipw+cal	worst_held_out_smd	0.113037	0.0320944	0.00507457	40	four covariate margins excluded from every rung
B2_anchor_information	per stratum	ipw+cal	comorbidity_error	0.00439815	0.00185906	0.000293944	40	held out at this rung
B2_anchor_information	oracle	ipw+cal	trait_bias_sd	0.00187871	0.0258723	0.00409077	40	held-out trait mean, population SD units
B2_anchor_information	oracle	ipw+cal	trait_rmse_sd	0.0256158	NA	NA	40	root mean square of the per-replication signed error
B2_anchor_information	oracle	ipw+cal	kish_ess	1520.04	81.3029	12.8551	40	cost of each extra constraint
B2_anchor_information	oracle	ipw+cal	max_weight_share	8.28438	2.47775	0.391767	40	
B2_anchor_information	oracle	ipw+cal	worst_held_out_smd	0.0363214	0.0111324	0.00176019	40	four covariate margins excluded from every rung
B2_anchor_information	oracle	ipw+cal	comorbidity_error	-2.2449e-06	0.000389867	6.16434e-05	40	held out at this rung
B3_target_error	-0.30	ipw+cal	trait_bias_sd	-0.0659351	0.0469258	0.00741962	40	held-out trait mean under a mis-stated register value
B3_target_error	-0.30	ipw+cal	trait_rmse_sd	0.0805879	NA	NA	40	root mean square of the per-replication signed error
B3_target_error	-0.30	ipw+cal	anchored_prevalence_error_pct	-30	2.90344e-06	4.59075e-07	40	tracks delta by construction: an identity, not a finding
B3_target_error	-0.30	ipw+cal	unanchored_prevalence_error_pct	1.64999	11.0037	1.73983	40	disease 2, never supplied
B3_target_error	-0.30	ipw+cal	kish_ess	1445.62	186.411	29.4742	40	
B3_target_error	-0.20	ipw+cal	trait_bias_sd	-0.0552967	0.0455717	0.00720551	40	held-out trait mean under a mis-stated register value
B3_target_error	-0.20	ipw+cal	trait_rmse_sd	0.0712922	NA	NA	40	root mean square of the per-replication signed error
B3_target_error	-0.20	ipw+cal	anchored_prevalence_error_pct	-20	4.25259e-07	6.72394e-08	40	tracks delta by construction: an identity, not a finding
B3_target_error	-0.20	ipw+cal	unanchored_prevalence_error_pct	1.56846	10.7239	1.69559	40	disease 2, never supplied
B3_target_error	-0.20	ipw+cal	kish_ess	1470.27	188.264	29.7671	40	
B3_target_error	-0.10	ipw+cal	trait_bias_sd	-0.0446583	0.0442339	0.00699399	40	held-out trait mean under a mis-stated register value
B3_target_error	-0.10	ipw+cal	trait_rmse_sd	0.0624667	NA	NA	40	root mean square of the per-replication signed error
B3_target_error	-0.10	ipw+cal	anchored_prevalence_error_pct	-10	2.10485e-06	3.32806e-07	40	tracks delta by construction: an identity, not a finding
B3_target_error	-0.10	ipw+cal	unanchored_prevalence_error_pct	1.48693	10.4557	1.65319	40	disease 2, never supplied
B3_target_error	-0.10	ipw+cal	kish_ess	1494.52	189.811	30.0118	40	
B3_target_error	-0.05	ipw+cal	trait_bias_sd	-0.0393392	0.0435716	0.00688927	40	held-out trait mean under a mis-stated register value
B3_target_error	-0.05	ipw+cal	trait_rmse_sd	0.0582974	NA	NA	40	root mean square of the per-replication signed error
B3_target_error	-0.05	ipw+cal	anchored_prevalence_error_pct	-5	2.75104e-06	4.34977e-07	40	tracks delta by construction: an identity, not a finding
B3_target_error	-0.05	ipw+cal	unanchored_prevalence_error_pct	1.44616	10.3262	1.63271	40	disease 2, never supplied
B3_target_error	-0.05	ipw+cal	kish_ess	1506.48	190.463	30.1149	40	
B3_target_error	+0.00	ipw+cal	trait_bias_sd	-0.03402	0.0429139	0.00678529	40	held-out trait mean under a mis-stated register value
B3_target_error	+0.00	ipw+cal	trait_rmse_sd	0.0543408	NA	NA	40	root mean square of the per-replication signed error
B3_target_error	+0.00	ipw+cal	anchored_prevalence_error_pct	1.28029e-06	2.18699e-06	3.45793e-07	40	tracks delta by construction: an identity, not a finding
B3_target_error	+0.00	ipw+cal	unanchored_prevalence_error_pct	1.40539	10.2	1.61275	40	disease 2, never supplied
B3_target_error	+0.00	ipw+cal	kish_ess	1518.32	191.029	30.2044	40	
B3_target_error	+0.05	ipw+cal	trait_bias_sd	-0.0287008	0.0422612	0.00668208	40	held-out trait mean under a mis-stated register value
B3_target_error	+0.05	ipw+cal	trait_rmse_sd	0.0506467	NA	NA	40	root mean square of the per-replication signed error
B3_target_error	+0.05	ipw+cal	anchored_prevalence_error_pct	5	1.82203e-06	2.88089e-07	40	tracks delta by construction: an identity, not a finding
B3_target_error	+0.05	ipw+cal	unanchored_prevalence_error_pct	1.36463	10.0771	1.59333	40	disease 2, never supplied
B3_target_error	+0.05	ipw+cal	kish_ess	1530.02	191.507	30.28	40	
B3_target_error	+0.10	ipw+cal	trait_bias_sd	-0.0233816	0.0416135	0.00657968	40	held-out trait mean under a mis-stated register value
B3_target_error	+0.10	ipw+cal	trait_rmse_sd	0.0472768	NA	NA	40	root mean square of the per-replication signed error
B3_target_error	+0.10	ipw+cal	anchored_prevalence_error_pct	10	3.2299e-06	5.10692e-07	40	tracks delta by construction: an identity, not a finding
B3_target_error	+0.10	ipw+cal	unanchored_prevalence_error_pct	1.32386	9.95769	1.57445	40	disease 2, never supplied
B3_target_error	+0.10	ipw+cal	kish_ess	1541.57	191.894	30.3411	40	
B3_target_error	+0.20	ipw+cal	trait_bias_sd	-0.0127432	0.0403346	0.00637746	40	held-out trait mean under a mis-stated register value
B3_target_error	+0.20	ipw+cal	trait_rmse_sd	0.0418162	NA	NA	40	root mean square of the per-replication signed error
B3_target_error	+0.20	ipw+cal	anchored_prevalence_error_pct	20	1.9993e-06	3.16118e-07	40	tracks delta by construction: an identity, not a finding
B3_target_error	+0.20	ipw+cal	unanchored_prevalence_error_pct	1.24233	9.72989	1.53843	40	disease 2, never supplied
B3_target_error	+0.20	ipw+cal	kish_ess	1564.18	192.383	30.4184	40	
B3_target_error	+0.30	ipw+cal	trait_bias_sd	-0.00210487	0.0390792	0.00617896	40	held-out trait mean under a mis-stated register value
B3_target_error	+0.30	ipw+cal	trait_rmse_sd	0.038645	NA	NA	40	root mean square of the per-replication signed error
B3_target_error	+0.30	ipw+cal	anchored_prevalence_error_pct	30	3.05391e-06	4.82865e-07	40	tracks delta by construction: an identity, not a finding
B3_target_error	+0.30	ipw+cal	unanchored_prevalence_error_pct	1.16079	9.51758	1.50486	40	disease 2, never supplied
B3_target_error	+0.30	ipw+cal	kish_ess	1586.08	192.476	30.4332	40	
B3_target_error	reference	naive	trait_bias_sd	0.479256	0.0743031	0.0117484	40	does not depend on delta; a horizontal reference line
B3_target_error	reference	ipw	trait_bias_sd	0.12	0.0318346	0.00503349	40	does not depend on delta; a horizontal reference line
B3_target_error	reference	oracle	trait_bias_sd	0.0012867	0.0253866	0.00401397	40	does not depend on delta; a horizontal reference line
B4_case_mix	pooled only	naive	trait_bias_sd	0.479256	0.0743031	0.0117484	40	held out in every arm
B4_case_mix	pooled only	naive	trait_rmse_sd	0.484839	NA	NA	40	root mean square of the per-replication signed error
B4_case_mix	pooled only	naive	case_mix_liability_error	-0.00118567	0.019446	0.00307469	40	mean liability among cases; held out in every arm
B4_case_mix	pooled only	naive	severe_case_share_error	-0.00103089	0.0187286	0.00296124	40	held out
B4_case_mix	pooled only	naive	worst_within_stratum_prevalence_error	0.272404	0.0433646	0.00685654	40	held out
B4_case_mix	pooled only	naive	kish_ess	2507.42	45.9386	7.26353	40	
B4_case_mix	pooled only	ipw	trait_bias_sd	0.12	0.0318346	0.00503349	40	held out in every arm
B4_case_mix	pooled only	ipw	trait_rmse_sd	0.124049	NA	NA	40	root mean square of the per-replication signed error
B4_case_mix	pooled only	ipw	case_mix_liability_error	-0.0235333	0.0143168	0.00226368	40	mean liability among cases; held out in every arm
B4_case_mix	pooled only	ipw	severe_case_share_error	-0.0209511	0.0166899	0.00263891	40	held out
B4_case_mix	pooled only	ipw	worst_within_stratum_prevalence_error	0.245817	0.0196045	0.00309974	40	held out
B4_case_mix	pooled only	ipw	kish_ess	1755.35	164.472	26.0053	40	
B4_case_mix	pooled only	ipw+cal	trait_bias_sd	-0.03402	0.0429139	0.00678529	40	held out in every arm
B4_case_mix	pooled only	ipw+cal	trait_rmse_sd	0.0543408	NA	NA	40	root mean square of the per-replication signed error
B4_case_mix	pooled only	ipw+cal	case_mix_liability_error	-0.0235333	0.0143168	0.00226368	40	mean liability among cases; held out in every arm
B4_case_mix	pooled only	ipw+cal	severe_case_share_error	-0.0209511	0.0166899	0.00263891	40	held out
B4_case_mix	pooled only	ipw+cal	worst_within_stratum_prevalence_error	0.0169508	0.00986012	0.00155902	40	held out
B4_case_mix	pooled only	ipw+cal	kish_ess	1518.32	191.029	30.2044	40	
B4_case_mix	pooled only	ipw+cal/s	trait_bias_sd	-0.023205	0.0427118	0.00675333	40	held out in every arm
B4_case_mix	pooled only	ipw+cal/s	trait_rmse_sd	0.0481369	NA	NA	40	root mean square of the per-replication signed error
B4_case_mix	pooled only	ipw+cal/s	case_mix_liability_error	-0.0184255	0.01455	0.00230056	40	mean liability among cases; held out in every arm
B4_case_mix	pooled only	ipw+cal/s	severe_case_share_error	-0.0157672	0.0170974	0.00270333	40	held out
B4_case_mix	pooled only	ipw+cal/s	worst_within_stratum_prevalence_error	4.69635e-08	9.00699e-08	1.42413e-08	40	constrained for ipw+cal/s: an identity there
B4_case_mix	pooled only	ipw+cal/s	kish_ess	1536.07	192.333	30.4105	40	
B4_case_mix	pooled only	ipw+cal/v	trait_bias_sd	-0.033158	0.0427529	0.00675982	40	held out in every arm
B4_case_mix	pooled only	ipw+cal/v	trait_rmse_sd	0.0536802	NA	NA	40	root mean square of the per-replication signed error
B4_case_mix	pooled only	ipw+cal/v	case_mix_liability_error	-0.00855109	0.00813388	0.00128608	40	mean liability among cases; held out in every arm
B4_case_mix	pooled only	ipw+cal/v	severe_case_share_error	-2.44356e-08	3.0439e-08	4.81283e-09	40	constrained for ipw+cal/v: an identity there
B4_case_mix	pooled only	ipw+cal/v	worst_within_stratum_prevalence_error	0.0174517	0.0100361	0.00158684	40	held out
B4_case_mix	pooled only	ipw+cal/v	kish_ess	1518.4	190.902	30.1843	40	
B4_case_mix	pooled only	oracle	trait_bias_sd	0.0012867	0.0253866	0.00401397	40	held out in every arm
B4_case_mix	pooled only	oracle	trait_rmse_sd	0.0251002	NA	NA	40	root mean square of the per-replication signed error
B4_case_mix	pooled only	oracle	case_mix_liability_error	-0.000868986	0.0140989	0.00222923	40	mean liability among cases; held out in every arm
B4_case_mix	pooled only	oracle	severe_case_share_error	2.23195e-05	0.0162695	0.00257243	40	held out
B4_case_mix	pooled only	oracle	worst_within_stratum_prevalence_error	0.012186	0.00676059	0.00106894	40	held out
B4_case_mix	pooled only	oracle	kish_ess	1538.77	81.2106	12.8405	40	
B4_case_mix	stratum-differential	naive	trait_bias_sd	0.545758	0.0730618	0.0115521	40	held out in every arm
B4_case_mix	stratum-differential	naive	trait_rmse_sd	0.550506	NA	NA	40	root mean square of the per-replication signed error
B4_case_mix	stratum-differential	naive	case_mix_liability_error	0.0276448	0.0137274	0.0021705	40	mean liability among cases; held out in every arm
B4_case_mix	stratum-differential	naive	severe_case_share_error	0.0251179	0.0144766	0.00228895	40	held out
B4_case_mix	stratum-differential	naive	worst_within_stratum_prevalence_error	0.465067	0.0284788	0.00450289	40	held out
B4_case_mix	stratum-differential	naive	kish_ess	2511.47	49.1079	7.76465	40	
B4_case_mix	stratum-differential	ipw	trait_bias_sd	0.122823	0.0411703	0.00650959	40	held out in every arm
B4_case_mix	stratum-differential	ipw	trait_rmse_sd	0.129375	NA	NA	40	root mean square of the per-replication signed error
B4_case_mix	stratum-differential	ipw	case_mix_liability_error	-0.00981895	0.0123742	0.00195654	40	mean liability among cases; held out in every arm
B4_case_mix	stratum-differential	ipw	severe_case_share_error	-0.00833173	0.0133418	0.00210953	40	held out
B4_case_mix	stratum-differential	ipw	worst_within_stratum_prevalence_error	0.449277	0.015934	0.00251939	40	held out
B4_case_mix	stratum-differential	ipw	kish_ess	1622.89	210.543	33.2898	40	
B4_case_mix	stratum-differential	ipw+cal	trait_bias_sd	-0.0445967	0.0543651	0.00859588	40	held out in every arm
B4_case_mix	stratum-differential	ipw+cal	trait_rmse_sd	0.0697893	NA	NA	40	root mean square of the per-replication signed error
B4_case_mix	stratum-differential	ipw+cal	case_mix_liability_error	-0.00981895	0.0123742	0.00195654	40	mean liability among cases; held out in every arm
B4_case_mix	stratum-differential	ipw+cal	severe_case_share_error	-0.00833173	0.0133418	0.00210953	40	held out
B4_case_mix	stratum-differential	ipw+cal	worst_within_stratum_prevalence_error	0.17198	0.015658	0.00247574	40	held out
B4_case_mix	stratum-differential	ipw+cal	kish_ess	1300.74	196.266	31.0323	40	
B4_case_mix	stratum-differential	ipw+cal/s	trait_bias_sd	-0.0138418	0.0534575	0.00845237	40	held out in every arm
B4_case_mix	stratum-differential	ipw+cal/s	trait_rmse_sd	0.0545697	NA	NA	40	root mean square of the per-replication signed error
B4_case_mix	stratum-differential	ipw+cal/s	case_mix_liability_error	-0.0223659	0.0136092	0.0021518	40	mean liability among cases; held out in every arm
B4_case_mix	stratum-differential	ipw+cal/s	severe_case_share_error	-0.0210539	0.0148831	0.00235323	40	held out
B4_case_mix	stratum-differential	ipw+cal/s	worst_within_stratum_prevalence_error	8.66457e-08	1.57801e-07	2.49505e-08	40	constrained for ipw+cal/s: an identity there
B4_case_mix	stratum-differential	ipw+cal/s	kish_ess	1389.07	196.053	30.9987	40	
B4_case_mix	stratum-differential	ipw+cal/v	trait_bias_sd	-0.04424	0.0542467	0.00857715	40	held out in every arm
B4_case_mix	stratum-differential	ipw+cal/v	trait_rmse_sd	0.0694716	NA	NA	40	root mean square of the per-replication signed error
B4_case_mix	stratum-differential	ipw+cal/v	case_mix_liability_error	-0.00376777	0.00763329	0.00120693	40	mean liability among cases; held out in every arm
B4_case_mix	stratum-differential	ipw+cal/v	severe_case_share_error	-4.1517e-09	1.26797e-08	2.00484e-09	40	constrained for ipw+cal/v: an identity there
B4_case_mix	stratum-differential	ipw+cal/v	worst_within_stratum_prevalence_error	0.172421	0.0158677	0.00250891	40	held out
B4_case_mix	stratum-differential	ipw+cal/v	kish_ess	1300.79	196.252	31.0301	40	
B4_case_mix	stratum-differential	oracle	trait_bias_sd	-0.00105723	0.0296323	0.00468528	40	held out in every arm
B4_case_mix	stratum-differential	oracle	trait_rmse_sd	0.0292787	NA	NA	40	root mean square of the per-replication signed error
B4_case_mix	stratum-differential	oracle	case_mix_liability_error	0.00142903	0.0125664	0.00198692	40	mean liability among cases; held out in every arm
B4_case_mix	stratum-differential	oracle	severe_case_share_error	0.000253494	0.0143063	0.00226202	40	held out
B4_case_mix	stratum-differential	oracle	worst_within_stratum_prevalence_error	0.0119819	0.00672427	0.0010632	40	held out
B4_case_mix	stratum-differential	oracle	kish_ess	1351.64	72.5459	11.4705	40	
B4_case_mix	within-case severity	naive	trait_bias_sd	0.547727	0.0820401	0.0129717	40	held out in every arm
B4_case_mix	within-case severity	naive	trait_rmse_sd	0.553685	NA	NA	40	root mean square of the per-replication signed error
B4_case_mix	within-case severity	naive	case_mix_liability_error	0.0850434	0.0115251	0.00182229	40	mean liability among cases; held out in every arm
B4_case_mix	within-case severity	naive	severe_case_share_error	0.0774437	0.0112373	0.00177677	40	held out
B4_case_mix	within-case severity	naive	worst_within_stratum_prevalence_error	0.352498	0.0392189	0.00620105	40	held out
B4_case_mix	within-case severity	naive	kish_ess	2510.6	49.0828	7.76067	40	
B4_case_mix	within-case severity	ipw	trait_bias_sd	0.158807	0.0407364	0.006441	40	held out in every arm
B4_case_mix	within-case severity	ipw	trait_rmse_sd	0.163822	NA	NA	40	root mean square of the per-replication signed error
B4_case_mix	within-case severity	ipw	case_mix_liability_error	0.0597602	0.0190851	0.00301763	40	mean liability among cases; held out in every arm
B4_case_mix	within-case severity	ipw	severe_case_share_error	0.0574665	0.0178718	0.00282578	40	held out
B4_case_mix	within-case severity	ipw	worst_within_stratum_prevalence_error	0.311207	0.0186906	0.00295525	40	held out
B4_case_mix	within-case severity	ipw	kish_ess	1706.18	223.325	35.3108	40	
B4_case_mix	within-case severity	ipw+cal	trait_bias_sd	-0.0400601	0.0568606	0.00899045	40	held out in every arm
B4_case_mix	within-case severity	ipw+cal	trait_rmse_sd	0.0689718	NA	NA	40	root mean square of the per-replication signed error
B4_case_mix	within-case severity	ipw+cal	case_mix_liability_error	0.0597602	0.0190851	0.00301763	40	mean liability among cases; held out in every arm
B4_case_mix	within-case severity	ipw+cal	severe_case_share_error	0.0574665	0.0178718	0.00282578	40	held out
B4_case_mix	within-case severity	ipw+cal	worst_within_stratum_prevalence_error	0.0277996	0.0124322	0.0019657	40	held out
B4_case_mix	within-case severity	ipw+cal	kish_ess	1369.77	226.195	35.7646	40	
B4_case_mix	within-case severity	ipw+cal/s	trait_bias_sd	-0.0246532	0.0566436	0.00895614	40	held out in every arm
B4_case_mix	within-case severity	ipw+cal/s	trait_rmse_sd	0.0611234	NA	NA	40	root mean square of the per-replication signed error
B4_case_mix	within-case severity	ipw+cal/s	case_mix_liability_error	0.0669684	0.0188853	0.00298603	40	mean liability among cases; held out in every arm
B4_case_mix	within-case severity	ipw+cal/s	severe_case_share_error	0.0638606	0.0177545	0.00280724	40	held out
B4_case_mix	within-case severity	ipw+cal/s	worst_within_stratum_prevalence_error	4.46833e-08	6.70331e-08	1.05989e-08	40	constrained for ipw+cal/s: an identity there
B4_case_mix	within-case severity	ipw+cal/s	kish_ess	1399.74	228.062	36.0597	40	
B4_case_mix	within-case severity	ipw+cal/v	trait_bias_sd	-0.0420327	0.0567127	0.00896706	40	held out in every arm
B4_case_mix	within-case severity	ipw+cal/v	trait_rmse_sd	0.070019	NA	NA	40	root mean square of the per-replication signed error
B4_case_mix	within-case severity	ipw+cal/v	case_mix_liability_error	0.0163812	0.00870555	0.00137647	40	mean liability among cases; held out in every arm
B4_case_mix	within-case severity	ipw+cal/v	severe_case_share_error	-1.77777e-09	4.53534e-08	7.171e-09	40	constrained for ipw+cal/v: an identity there
B4_case_mix	within-case severity	ipw+cal/v	worst_within_stratum_prevalence_error	0.0249489	0.012281	0.00194179	40	held out
B4_case_mix	within-case severity	ipw+cal/v	kish_ess	1369.14	225.958	35.7271	40	
B4_case_mix	within-case severity	oracle	trait_bias_sd	-7.68161e-05	0.0296987	0.00469577	40	held out in every arm
B4_case_mix	within-case severity	oracle	trait_rmse_sd	0.0293252	NA	NA	40	root mean square of the per-replication signed error
B4_case_mix	within-case severity	oracle	case_mix_liability_error	0.00124216	0.010377	0.00164075	40	mean liability among cases; held out in every arm
B4_case_mix	within-case severity	oracle	severe_case_share_error	0.00269393	0.0111024	0.00175545	40	held out
B4_case_mix	within-case severity	oracle	worst_within_stratum_prevalence_error	0.0114094	0.0070771	0.00111899	40	held out
B4_case_mix	within-case severity	oracle	kish_ess	1409.48	86.4242	13.6649	40	
B5_interval_coverage	correct	fixed-weight	coverage_95	0.943333	NA	0.0133486	300	nominal 0.95; Monte Carlo error is binomial
B5_interval_coverage	correct	fixed-weight	interval_width_sd	0.0867984	0.00197874	0.000114243	300	width in population SD units
B5_interval_coverage	correct	calibration-aware	coverage_95	0.94	NA	0.0137113	300	nominal 0.95; Monte Carlo error is binomial
B5_interval_coverage	correct	calibration-aware	interval_width_sd	0.0852768	0.00221695	0.000127995	300	width in population SD units
B5_interval_coverage	correct	bootstrap	coverage_95	0.933333	NA	0.0144016	300	nominal 0.95; Monte Carlo error is binomial
B5_interval_coverage	correct	bootstrap	interval_width_sd	0.0842868	0.00476691	0.000275218	300	width in population SD units
B5_interval_coverage	correct	estimator	trait_bias_sd	0.00119961	0.0215924	0.00124664	300	the bias the intervals are being asked to cover
B5_interval_coverage	correct	bootstrap	discard_rate	0	0	0	300	replicates whose calibration did not solve
B5_interval_coverage	base + margin	fixed-weight	coverage_95	0.643333	NA	0.027656	300	nominal 0.95; Monte Carlo error is binomial
B5_interval_coverage	base + margin	fixed-weight	interval_width_sd	0.109301	0.0133253	0.000769335	300	width in population SD units
B5_interval_coverage	base + margin	calibration-aware	coverage_95	0.62	NA	0.0280238	300	nominal 0.95; Monte Carlo error is binomial
B5_interval_coverage	base + margin	calibration-aware	interval_width_sd	0.104516	0.0118661	0.000685092	300	width in population SD units
B5_interval_coverage	base + margin	bootstrap	coverage_95	0.616667	NA	0.0280707	300	nominal 0.95; Monte Carlo error is binomial
B5_interval_coverage	base + margin	bootstrap	interval_width_sd	0.103619	0.0120197	0.000693956	300	width in population SD units
B5_interval_coverage	base + margin	estimator	trait_bias_sd	-0.0348868	0.0401319	0.00231702	300	the bias the intervals are being asked to cover
B5_interval_coverage	base + margin	bootstrap	discard_rate	0	0	0	300	replicates whose calibration did not solve
B5_interval_coverage	misspecified	fixed-weight	coverage_95	0.413333	NA	0.0284306	300	nominal 0.95; Monte Carlo error is binomial
B5_interval_coverage	misspecified	fixed-weight	interval_width_sd	0.129411	0.026731	0.00154332	300	width in population SD units
B5_interval_coverage	misspecified	calibration-aware	coverage_95	0.376667	NA	0.0279755	300	nominal 0.95; Monte Carlo error is binomial
B5_interval_coverage	misspecified	calibration-aware	interval_width_sd	0.12129	0.0242347	0.00139919	300	width in population SD units
B5_interval_coverage	misspecified	bootstrap	coverage_95	0.363333	NA	0.0277682	300	nominal 0.95; Monte Carlo error is binomial
B5_interval_coverage	misspecified	bootstrap	interval_width_sd	0.120256	0.0242418	0.0013996	300	width in population SD units
B5_interval_coverage	misspecified	estimator	trait_bias_sd	-0.0820194	0.0613304	0.00354091	300	the bias the intervals are being asked to cover
B5_interval_coverage	misspecified	bootstrap	discard_rate	0	0	0	300	replicates whose calibration did not solve
B6_support	over-recruited | K=0.2	ipw+cal	sampled_cases	1266.57	114.885	20.9751	30	cases among ~2500 participants
B6_support	over-recruited | K=0.2	ipw+cal	solve_success_rate	1	NA	0	30	calibration reached the target
B6_support	over-recruited | K=0.2	ipw+cal	bootstrap_discard_rate	0	0	0	30	resamples that could not reach the target; conditional on the solve
B6_support	over-recruited | K=0.2	ipw+cal	trait_bias_sd	-0.0330513	0.0488302	0.00891513	30	conditional on the solve succeeding
B6_support	over-recruited | K=0.2	ipw+cal	trait_rmse_sd	0.0582863	NA	NA	30	conditional on the solve succeeding
B6_support	over-recruited | K=0.2	naive	trait_bias_sd	0.59031	0.0889755	0.0162446	30	the bias being corrected; it shrinks with K because a rarer disease tilts less
B6_support	over-recruited | K=0.2	ipw+cal	kish_ess	1212.49	243.112	44.3859	30	population 30,000 for this sweep only
B6_support	over-recruited | K=0.2	ipw+cal	max_weight_share	11.5102	4.49519	0.820706	30	largest weight in units of an equal share
B6_support	over-recruited | K=0.2	ipw+cal	max_abs_residual	1.35716e-09	1.49806e-09	2.73507e-10	30	
B6_support	over-recruited | K=0.1	ipw+cal	sampled_cases	764.667	98.9142	18.0592	30	cases among ~2500 participants
B6_support	over-recruited | K=0.1	ipw+cal	solve_success_rate	1	NA	0	30	calibration reached the target
B6_support	over-recruited | K=0.1	ipw+cal	bootstrap_discard_rate	0	0	0	30	resamples that could not reach the target; conditional on the solve
B6_support	over-recruited | K=0.1	ipw+cal	trait_bias_sd	-0.0380998	0.0419276	0.0076549	30	conditional on the solve succeeding
B6_support	over-recruited | K=0.1	ipw+cal	trait_rmse_sd	0.0561331	NA	NA	30	conditional on the solve succeeding
B6_support	over-recruited | K=0.1	naive	trait_bias_sd	0.518335	0.0861938	0.0157368	30	the bias being corrected; it shrinks with K because a rarer disease tilts less
B6_support	over-recruited | K=0.1	ipw+cal	kish_ess	1420.41	222.656	40.6513	30	population 30,000 for this sweep only
B6_support	over-recruited | K=0.1	ipw+cal	max_weight_share	9.82065	6.47939	1.18297	30	largest weight in units of an equal share
B6_support	over-recruited | K=0.1	ipw+cal	max_abs_residual	7.33311e-10	1.39235e-09	2.54207e-10	30	
B6_support	over-recruited | K=0.05	ipw+cal	sampled_cases	426.7	66.938	12.2212	30	cases among ~2500 participants
B6_support	over-recruited | K=0.05	ipw+cal	solve_success_rate	1	NA	0	30	calibration reached the target
B6_support	over-recruited | K=0.05	ipw+cal	bootstrap_discard_rate	0	0	0	30	resamples that could not reach the target; conditional on the solve
B6_support	over-recruited | K=0.05	ipw+cal	trait_bias_sd	-0.0325321	0.035494	0.00648029	30	conditional on the solve succeeding
B6_support	over-recruited | K=0.05	ipw+cal	trait_rmse_sd	0.0477092	NA	NA	30	conditional on the solve succeeding
B6_support	over-recruited | K=0.05	naive	trait_bias_sd	0.44168	0.0738256	0.0134787	30	the bias being corrected; it shrinks with K because a rarer disease tilts less
B6_support	over-recruited | K=0.05	ipw+cal	kish_ess	1581.96	163.52	29.8545	30	population 30,000 for this sweep only
B6_support	over-recruited | K=0.05	ipw+cal	max_weight_share	8.54318	5.0184	0.91623	30	largest weight in units of an equal share
B6_support	over-recruited | K=0.05	ipw+cal	max_abs_residual	7.6159e-10	1.45946e-09	2.6646e-10	30	
B6_support	over-recruited | K=0.02	ipw+cal	sampled_cases	182.833	35.3008	6.44501	30	cases among ~2500 participants
B6_support	over-recruited | K=0.02	ipw+cal	solve_success_rate	1	NA	0	30	calibration reached the target
B6_support	over-recruited | K=0.02	ipw+cal	bootstrap_discard_rate	0	0	0	30	resamples that could not reach the target; conditional on the solve
B6_support	over-recruited | K=0.02	ipw+cal	trait_bias_sd	-0.0162023	0.0290278	0.00529973	30	conditional on the solve succeeding
B6_support	over-recruited | K=0.02	ipw+cal	trait_rmse_sd	0.0328183	NA	NA	30	conditional on the solve succeeding
B6_support	over-recruited | K=0.02	naive	trait_bias_sd	0.374636	0.0631007	0.0115206	30	the bias being corrected; it shrinks with K because a rarer disease tilts less
B6_support	over-recruited | K=0.02	ipw+cal	kish_ess	1685.09	102.732	18.7563	30	population 30,000 for this sweep only
B6_support	over-recruited | K=0.02	ipw+cal	max_weight_share	8.19182	3.40679	0.621992	30	largest weight in units of an equal share
B6_support	over-recruited | K=0.02	ipw+cal	max_abs_residual	7.47503e-10	1.18795e-09	2.16889e-10	30	
B6_support	over-recruited | K=0.01	ipw+cal	sampled_cases	92.9667	19.6775	3.59261	30	cases among ~2500 participants
B6_support	over-recruited | K=0.01	ipw+cal	solve_success_rate	1	NA	0	30	calibration reached the target
B6_support	over-recruited | K=0.01	ipw+cal	bootstrap_discard_rate	0	0	0	30	resamples that could not reach the target; conditional on the solve
B6_support	over-recruited | K=0.01	ipw+cal	trait_bias_sd	-0.00705674	0.0246097	0.00449309	30	conditional on the solve succeeding
B6_support	over-recruited | K=0.01	ipw+cal	trait_rmse_sd	0.0252041	NA	NA	30	conditional on the solve succeeding
B6_support	over-recruited | K=0.01	naive	trait_bias_sd	0.344238	0.0558342	0.0101939	30	the bias being corrected; it shrinks with K because a rarer disease tilts less
B6_support	over-recruited | K=0.01	ipw+cal	kish_ess	1723.13	74.2555	13.5571	30	population 30,000 for this sweep only
B6_support	over-recruited | K=0.01	ipw+cal	max_weight_share	8.06132	3.01206	0.549925	30	largest weight in units of an equal share
B6_support	over-recruited | K=0.01	ipw+cal	max_abs_residual	1.41705e-09	2.23425e-09	4.07917e-10	30	
B6_support	over-recruited | K=0.005	ipw+cal	sampled_cases	45.6667	10.0356	1.83224	30	cases among ~2500 participants
B6_support	over-recruited | K=0.005	ipw+cal	solve_success_rate	1	NA	0	30	calibration reached the target
B6_support	over-recruited | K=0.005	ipw+cal	bootstrap_discard_rate	0	0	0	30	resamples that could not reach the target; conditional on the solve
B6_support	over-recruited | K=0.005	ipw+cal	trait_bias_sd	-0.00110018	0.0246904	0.00450782	30	conditional on the solve succeeding
B6_support	over-recruited | K=0.005	ipw+cal	trait_rmse_sd	0.0243003	NA	NA	30	conditional on the solve succeeding
B6_support	over-recruited | K=0.005	naive	trait_bias_sd	0.326541	0.051507	0.00940384	30	the bias being corrected; it shrinks with K because a rarer disease tilts less
B6_support	over-recruited | K=0.005	ipw+cal	kish_ess	1741.11	65.0519	11.8768	30	population 30,000 for this sweep only
B6_support	over-recruited | K=0.005	ipw+cal	max_weight_share	7.96821	2.85613	0.521456	30	largest weight in units of an equal share
B6_support	over-recruited | K=0.005	ipw+cal	max_abs_residual	1.4173e-09	1.83335e-09	3.34722e-10	30	
B6_support	over-recruited | K=0.002	ipw+cal	sampled_cases	18.3333	5.00574	0.91392	30	cases among ~2500 participants
B6_support	over-recruited | K=0.002	ipw+cal	solve_success_rate	1	NA	0	30	calibration reached the target
B6_support	over-recruited | K=0.002	ipw+cal	bootstrap_discard_rate	0	0	0	30	resamples that could not reach the target; conditional on the solve
B6_support	over-recruited | K=0.002	ipw+cal	trait_bias_sd	0.00303674	0.022472	0.0041028	30	conditional on the solve succeeding
B6_support	over-recruited | K=0.002	ipw+cal	trait_rmse_sd	0.022302	NA	NA	30	conditional on the solve succeeding
B6_support	over-recruited | K=0.002	naive	trait_bias_sd	0.315252	0.048926	0.00893262	30	the bias being corrected; it shrinks with K because a rarer disease tilts less
B6_support	over-recruited | K=0.002	ipw+cal	kish_ess	1750.11	58.0474	10.598	30	population 30,000 for this sweep only
B6_support	over-recruited | K=0.002	ipw+cal	max_weight_share	7.98894	2.77691	0.506993	30	largest weight in units of an equal share
B6_support	over-recruited | K=0.002	ipw+cal	max_abs_residual	9.97282e-10	1.4837e-09	2.70886e-10	30	
B6_support	over-recruited | K=0.001	ipw+cal	sampled_cases	9.43333	3.11485	0.568691	30	cases among ~2500 participants
B6_support	over-recruited | K=0.001	ipw+cal	solve_success_rate	1	NA	0	30	calibration reached the target
B6_support	over-recruited | K=0.001	ipw+cal	bootstrap_discard_rate	0.00233333	0.010063	0.00183725	30	resamples that could not reach the target; conditional on the solve
B6_support	over-recruited | K=0.001	ipw+cal	trait_bias_sd	0.00397586	0.0219189	0.00400182	30	conditional on the solve succeeding
B6_support	over-recruited | K=0.001	ipw+cal	trait_rmse_sd	0.0219141	NA	NA	30	conditional on the solve succeeding
B6_support	over-recruited | K=0.001	naive	trait_bias_sd	0.311054	0.047393	0.00865274	30	the bias being corrected; it shrinks with K because a rarer disease tilts less
B6_support	over-recruited | K=0.001	ipw+cal	kish_ess	1752.37	56.2658	10.2727	30	population 30,000 for this sweep only
B6_support	over-recruited | K=0.001	ipw+cal	max_weight_share	7.98414	2.72322	0.497189	30	largest weight in units of an equal share
B6_support	over-recruited | K=0.001	ipw+cal	max_abs_residual	2.11085e-09	2.97638e-09	5.43411e-10	30	
B6_support	under-recruited | K=0.2	ipw+cal	sampled_cases	118.633	26.6413	4.86401	30	cases among ~2500 participants
B6_support	under-recruited | K=0.2	ipw+cal	solve_success_rate	1	NA	0	30	calibration reached the target
B6_support	under-recruited | K=0.2	ipw+cal	bootstrap_discard_rate	0	0	0	30	resamples that could not reach the target; conditional on the solve
B6_support	under-recruited | K=0.2	ipw+cal	trait_bias_sd	0.0257883	0.0471242	0.00860366	30	conditional on the solve succeeding
B6_support	under-recruited | K=0.2	ipw+cal	trait_rmse_sd	0.0530255	NA	NA	30	conditional on the solve succeeding
B6_support	under-recruited | K=0.2	naive	trait_bias_sd	0.15294	0.018111	0.00330661	30	the bias being corrected; it shrinks with K because a rarer disease tilts less
B6_support	under-recruited | K=0.2	ipw+cal	kish_ess	1115.24	226.388	41.3327	30	population 30,000 for this sweep only
B6_support	under-recruited | K=0.2	ipw+cal	max_weight_share	21.4678	10.5562	1.92729	30	largest weight in units of an equal share
B6_support	under-recruited | K=0.2	ipw+cal	max_abs_residual	1.74041e-09	2.72978e-09	4.98388e-10	30	
B6_support	under-recruited | K=0.1	ipw+cal	sampled_cases	54.9	14.972	2.73351	30	cases among ~2500 participants
B6_support	under-recruited | K=0.1	ipw+cal	solve_success_rate	1	NA	0	30	calibration reached the target
B6_support	under-recruited | K=0.1	ipw+cal	bootstrap_discard_rate	0	0	0	30	resamples that could not reach the target; conditional on the solve
B6_support	under-recruited | K=0.1	ipw+cal	trait_bias_sd	0.0188095	0.0392153	0.00715969	30	conditional on the solve succeeding
B6_support	under-recruited | K=0.1	ipw+cal	trait_rmse_sd	0.0428996	NA	NA	30	conditional on the solve succeeding
B6_support	under-recruited | K=0.1	naive	trait_bias_sd	0.217776	0.0249214	0.00455001	30	the bias being corrected; it shrinks with K because a rarer disease tilts less
B6_support	under-recruited | K=0.1	ipw+cal	kish_ess	1323.44	218.577	39.9066	30	population 30,000 for this sweep only
B6_support	under-recruited | K=0.1	ipw+cal	max_weight_share	19.0585	10.0614	1.83696	30	largest weight in units of an equal share
B6_support	under-recruited | K=0.1	ipw+cal	max_abs_residual	2.20185e-09	3.3552e-09	6.12572e-10	30	
B6_support	under-recruited | K=0.05	ipw+cal	sampled_cases	25.6	8.0241	1.46499	30	cases among ~2500 participants
B6_support	under-recruited | K=0.05	ipw+cal	solve_success_rate	1	NA	0	30	calibration reached the target
B6_support	under-recruited | K=0.05	ipw+cal	bootstrap_discard_rate	0	0	0	30	resamples that could not reach the target; conditional on the solve
B6_support	under-recruited | K=0.05	ipw+cal	trait_bias_sd	0.0176316	0.0278401	0.00508288	30	conditional on the solve succeeding
B6_support	under-recruited | K=0.05	ipw+cal	trait_rmse_sd	0.0325593	NA	NA	30	conditional on the solve succeeding
B6_support	under-recruited | K=0.05	naive	trait_bias_sd	0.256631	0.0321012	0.00586084	30	the bias being corrected; it shrinks with K because a rarer disease tilts less
B6_support	under-recruited | K=0.05	ipw+cal	kish_ess	1496.73	182.738	33.3632	30	population 30,000 for this sweep only
B6_support	under-recruited | K=0.05	ipw+cal	max_weight_share	15.7968	8.89815	1.62457	30	largest weight in units of an equal share
B6_support	under-recruited | K=0.05	ipw+cal	max_abs_residual	1.36198e-09	2.23469e-09	4.07997e-10	30	
B6_support	under-recruited | K=0.02	ipw+cal	sampled_cases	10.2333	4.65116	0.849183	30	cases among ~2500 participants
B6_support	under-recruited | K=0.02	ipw+cal	solve_success_rate	1	NA	0	30	calibration reached the target
B6_support	under-recruited | K=0.02	ipw+cal	bootstrap_discard_rate	0.00383333	0.012504	0.00228291	30	resamples that could not reach the target; conditional on the solve
B6_support	under-recruited | K=0.02	ipw+cal	trait_bias_sd	0.0111582	0.0243787	0.00445092	30	conditional on the solve succeeding
B6_support	under-recruited | K=0.02	ipw+cal	trait_rmse_sd	0.0264389	NA	NA	30	conditional on the solve succeeding
B6_support	under-recruited | K=0.02	naive	trait_bias_sd	0.283493	0.0396707	0.00724285	30	the bias being corrected; it shrinks with K because a rarer disease tilts less
B6_support	under-recruited | K=0.02	ipw+cal	kish_ess	1625.86	116.859	21.3354	30	population 30,000 for this sweep only
B6_support	under-recruited | K=0.02	ipw+cal	max_weight_share	13.5939	7.2814	1.3294	30	largest weight in units of an equal share
B6_support	under-recruited | K=0.02	ipw+cal	max_abs_residual	1.29133e-09	1.83733e-09	3.3545e-10	30	
B6_support	under-recruited | K=0.01	ipw+cal	sampled_cases	4.7	3.07549	0.561505	30	cases among ~2500 participants
B6_support	under-recruited | K=0.01	ipw+cal	solve_success_rate	0.966667	NA	0.0327731	30	calibration reached the target
B6_support	under-recruited | K=0.01	ipw+cal	bootstrap_discard_rate	0.0791379	0.1317	0.024456	29	resamples that could not reach the target; conditional on the solve
B6_support	under-recruited | K=0.01	ipw+cal	trait_bias_sd	0.0102837	0.0208953	0.00388017	29	conditional on the solve succeeding
B6_support	under-recruited | K=0.01	ipw+cal	trait_rmse_sd	0.0229633	NA	NA	29	conditional on the solve succeeding
B6_support	under-recruited | K=0.01	naive	trait_bias_sd	0.293893	0.0427267	0.0078008	30	the bias being corrected; it shrinks with K because a rarer disease tilts less
B6_support	under-recruited | K=0.01	ipw+cal	kish_ess	1674.07	91.9624	17.077	29	population 30,000 for this sweep only
B6_support	under-recruited | K=0.01	ipw+cal	max_weight_share	12.4503	6.22766	1.15645	29	largest weight in units of an equal share
B6_support	under-recruited | K=0.01	ipw+cal	max_abs_residual	1.75653e-09	2.49715e-09	4.63709e-10	29	
B6_support	under-recruited | K=0.005	ipw+cal	sampled_cases	2.43333	1.95965	0.357782	30	cases among ~2500 participants
B6_support	under-recruited | K=0.005	ipw+cal	solve_success_rate	0.833333	NA	0.0680414	30	calibration reached the target
B6_support	under-recruited | K=0.005	ipw+cal	bootstrap_discard_rate	0.1282	0.145694	0.0291389	25	resamples that could not reach the target; conditional on the solve
B6_support	under-recruited | K=0.005	ipw+cal	trait_bias_sd	0.00612459	0.0208025	0.0041605	25	conditional on the solve succeeding
B6_support	under-recruited | K=0.005	ipw+cal	trait_rmse_sd	0.0212825	NA	NA	25	conditional on the solve succeeding
B6_support	under-recruited | K=0.005	naive	trait_bias_sd	0.299814	0.0445819	0.0081395	30	the bias being corrected; it shrinks with K because a rarer disease tilts less
B6_support	under-recruited | K=0.005	ipw+cal	kish_ess	1722.97	65.3892	13.0778	25	population 30,000 for this sweep only
B6_support	under-recruited | K=0.005	ipw+cal	max_weight_share	9.04561	3.33484	0.666969	25	largest weight in units of an equal share
B6_support	under-recruited | K=0.005	ipw+cal	max_abs_residual	1.45004e-09	2.30547e-09	4.61093e-10	25	
B6_support	under-recruited | K=0.002	ipw+cal	sampled_cases	0.933333	1.14269	0.208626	30	cases among ~2500 participants
B6_support	under-recruited | K=0.002	ipw+cal	solve_success_rate	0.533333	NA	0.091084	30	calibration reached the target
B6_support	under-recruited | K=0.002	ipw+cal	bootstrap_discard_rate	0.249375	0.153556	0.0383891	16	resamples that could not reach the target; conditional on the solve
B6_support	under-recruited | K=0.002	ipw+cal	trait_bias_sd	0.00655783	0.0201302	0.00503256	16	conditional on the solve succeeding
B6_support	under-recruited | K=0.002	ipw+cal	trait_rmse_sd	0.0205646	NA	NA	16	conditional on the solve succeeding
B6_support	under-recruited | K=0.002	naive	trait_bias_sd	0.302987	0.0455939	0.00832427	30	the bias being corrected; it shrinks with K because a rarer disease tilts less
B6_support	under-recruited | K=0.002	ipw+cal	kish_ess	1751.23	51.3798	12.8449	16	population 30,000 for this sweep only
B6_support	under-recruited | K=0.002	ipw+cal	max_weight_share	7.67911	1.92468	0.481169	16	largest weight in units of an equal share
B6_support	under-recruited | K=0.002	ipw+cal	max_abs_residual	1.0713e-09	1.59756e-09	3.99391e-10	16	
B6_support	under-recruited | K=0.001	ipw+cal	sampled_cases	0.4	0.674665	0.123176	30	cases among ~2500 participants
B6_support	under-recruited | K=0.001	ipw+cal	solve_success_rate	0.3	NA	0.083666	30	calibration reached the target
B6_support	under-recruited | K=0.001	ipw+cal	bootstrap_discard_rate	0.291111	0.116076	0.038692	9	resamples that could not reach the target; conditional on the solve
B6_support	under-recruited | K=0.001	ipw+cal	trait_bias_sd	0.000535506	0.0210593	0.00701978	9	conditional on the solve succeeding
B6_support	under-recruited | K=0.001	ipw+cal	trait_rmse_sd	0.0198622	NA	NA	9	conditional on the solve succeeding
B6_support	under-recruited | K=0.001	naive	trait_bias_sd	0.304447	0.0462738	0.00844841	30	the bias being corrected; it shrinks with K because a rarer disease tilts less
B6_support	under-recruited | K=0.001	ipw+cal	kish_ess	1743.7	53.5945	17.8648	9	population 30,000 for this sweep only
B6_support	under-recruited | K=0.001	ipw+cal	max_weight_share	8.12376	2.22926	0.743086	9	largest weight in units of an equal share
B6_support	under-recruited | K=0.001	ipw+cal	max_abs_residual	2.25125e-09	2.28173e-09	7.60577e-10	9	
B7_shrinkage	correct | ridge=0	cal	trait_bias_sd	0.00339985	0.0232576	0.00367735	40	mean is the bias; sd is the across-replication spread the ridge is buying
B7_shrinkage	correct | ridge=0	cal	trait_abs_bias_sd	0.00339985	NA	NA	40	absolute value of the mean signed error
B7_shrinkage	correct | ridge=0	cal	trait_rmse_sd	0.0232154	NA	NA	40	root mean square of the per-replication signed error
B7_shrinkage	correct | ridge=0	cal	kish_ess	1910.78	53.8673	8.51717	40	
B7_shrinkage	correct | ridge=0	cal	max_weight_share	1.42996	0.0199275	0.00315081	40	
B7_shrinkage	correct | ridge=0	cal	max_abs_residual	4.56956e-10	2.0163e-09	3.18804e-10	40	non-zero by design once the ridge is positive
B7_shrinkage	correct | ridge=0.0001	cal	trait_bias_sd	0.00358138	0.0232524	0.00367653	40	mean is the bias; sd is the across-replication spread the ridge is buying
B7_shrinkage	correct | ridge=0.0001	cal	trait_abs_bias_sd	0.00358138	NA	NA	40	absolute value of the mean signed error
B7_shrinkage	correct | ridge=0.0001	cal	trait_rmse_sd	0.0232375	NA	NA	40	root mean square of the per-replication signed error
B7_shrinkage	correct | ridge=0.0001	cal	kish_ess	1911.34	53.8702	8.51763	40	
B7_shrinkage	correct | ridge=0.0001	cal	max_weight_share	1.4297	0.0199178	0.00314928	40	
B7_shrinkage	correct | ridge=0.0001	cal	max_abs_residual	0.000166509	3.79999e-06	6.00832e-07	40	non-zero by design once the ridge is positive
B7_shrinkage	correct | ridge=0.001	cal	trait_bias_sd	0.00519731	0.023207	0.00366935	40	mean is the bias; sd is the across-replication spread the ridge is buying
B7_shrinkage	correct | ridge=0.001	cal	trait_abs_bias_sd	0.00519731	NA	NA	40	absolute value of the mean signed error
B7_shrinkage	correct | ridge=0.001	cal	trait_rmse_sd	0.0234971	NA	NA	40	root mean square of the per-replication signed error
B7_shrinkage	correct | ridge=0.001	cal	kish_ess	1916.34	53.8954	8.5216	40	
B7_shrinkage	correct | ridge=0.001	cal	max_weight_share	1.42734	0.0198317	0.00313567	40	
B7_shrinkage	correct | ridge=0.001	cal	max_abs_residual	0.00164875	3.7643e-05	5.95188e-06	40	non-zero by design once the ridge is positive
B7_shrinkage	correct | ridge=0.003	cal	trait_bias_sd	0.00867939	0.0231157	0.00365491	40	mean is the bias; sd is the across-replication spread the ridge is buying
B7_shrinkage	correct | ridge=0.003	cal	trait_abs_bias_sd	0.00867939	NA	NA	40	absolute value of the mean signed error
B7_shrinkage	correct | ridge=0.003	cal	trait_rmse_sd	0.0244194	NA	NA	40	root mean square of the per-replication signed error
B7_shrinkage	correct | ridge=0.003	cal	kish_ess	1927.1	53.9476	8.52987	40	
B7_shrinkage	correct | ridge=0.003	cal	max_weight_share	1.42226	0.019646	0.0031063	40	
B7_shrinkage	correct | ridge=0.003	cal	max_abs_residual	0.00484274	0.000110632	1.74925e-05	40	non-zero by design once the ridge is positive
B7_shrinkage	correct | ridge=0.01	cal	trait_bias_sd	0.0198556	0.0228843	0.00361833	40	mean is the bias; sd is the across-replication spread the ridge is buying
B7_shrinkage	correct | ridge=0.01	cal	trait_abs_bias_sd	0.0198556	NA	NA	40	absolute value of the mean signed error
B7_shrinkage	correct | ridge=0.01	cal	trait_rmse_sd	0.0300806	NA	NA	40	root mean square of the per-replication signed error
B7_shrinkage	correct | ridge=0.01	cal	kish_ess	1961.57	54.0952	8.55321	40	
B7_shrinkage	correct | ridge=0.01	cal	max_weight_share	1.40597	0.0190474	0.00301165	40	
B7_shrinkage	correct | ridge=0.01	cal	max_abs_residual	0.0150944	0.000346519	5.47895e-05	40	non-zero by design once the ridge is positive
B7_shrinkage	correct | ridge=0.03	cal	trait_bias_sd	0.0457422	0.0227187	0.00359215	40	mean is the bias; sd is the across-replication spread the ridge is buying
B7_shrinkage	correct | ridge=0.03	cal	trait_abs_bias_sd	0.0457422	NA	NA	40	absolute value of the mean signed error
B7_shrinkage	correct | ridge=0.03	cal	trait_rmse_sd	0.0509469	NA	NA	40	root mean square of the per-replication signed error
B7_shrinkage	correct | ridge=0.03	cal	kish_ess	2040.6	54.3031	8.58607	40	
B7_shrinkage	correct | ridge=0.03	cal	max_weight_share	1.36823	0.0176301	0.00278756	40	
B7_shrinkage	correct | ridge=0.03	cal	max_abs_residual	0.0388404	0.000912377	0.000144259	40	non-zero by design once the ridge is positive
B7_shrinkage	correct | ridge=0.1	cal	trait_bias_sd	0.102814	0.0241477	0.00381808	40	mean is the bias; sd is the across-replication spread the ridge is buying
B7_shrinkage	correct | ridge=0.1	cal	trait_abs_bias_sd	0.102814	NA	NA	40	absolute value of the mean signed error
B7_shrinkage	correct | ridge=0.1	cal	trait_rmse_sd	0.105543	NA	NA	40	root mean square of the per-replication signed error
B7_shrinkage	correct | ridge=0.1	cal	kish_ess	2205.98	54.1469	8.56137	40	
B7_shrinkage	correct | ridge=0.1	cal	max_weight_share	1.28501	0.0142711	0.00225646	40	
B7_shrinkage	correct | ridge=0.1	cal	max_abs_residual	0.0912003	0.00230845	0.000364998	40	non-zero by design once the ridge is positive
B7_shrinkage	correct | ridge=0.3	cal	trait_bias_sd	0.175551	0.0288623	0.00456353	40	mean is the bias; sd is the across-replication spread the ridge is buying
B7_shrinkage	correct | ridge=0.3	cal	trait_abs_bias_sd	0.175551	NA	NA	40	absolute value of the mean signed error
B7_shrinkage	correct | ridge=0.3	cal	trait_rmse_sd	0.177849	NA	NA	40	root mean square of the per-replication signed error
B7_shrinkage	correct | ridge=0.3	cal	kish_ess	2380.72	53.4374	8.44919	40	
B7_shrinkage	correct | ridge=0.3	cal	max_weight_share	1.17891	0.00943905	0.00149244	40	
B7_shrinkage	correct | ridge=0.3	cal	max_abs_residual	0.157948	0.00443708	0.000701564	40	non-zero by design once the ridge is positive
B7_shrinkage	correct | ridge=1	cal	trait_bias_sd	0.243862	0.0351266	0.00555401	40	mean is the bias; sd is the across-replication spread the ridge is buying
B7_shrinkage	correct | ridge=1	cal	trait_abs_bias_sd	0.243862	NA	NA	40	absolute value of the mean signed error
B7_shrinkage	correct | ridge=1	cal	trait_rmse_sd	0.246317	NA	NA	40	root mean square of the per-replication signed error
B7_shrinkage	correct | ridge=1	cal	kish_ess	2483.6	53.0958	8.39518	40	
B7_shrinkage	correct | ridge=1	cal	max_weight_share	1.07923	0.00434869	0.000687588	40	
B7_shrinkage	correct | ridge=1	cal	max_abs_residual	0.220653	0.00678631	0.00107301	40	non-zero by design once the ridge is positive
B7_shrinkage	base + margin | ridge=0	ipw+cal	trait_bias_sd	-0.03402	0.0429139	0.00678529	40	mean is the bias; sd is the across-replication spread the ridge is buying
B7_shrinkage	base + margin | ridge=0	ipw+cal	trait_abs_bias_sd	0.03402	NA	NA	40	absolute value of the mean signed error
B7_shrinkage	base + margin | ridge=0	ipw+cal	trait_rmse_sd	0.0543408	NA	NA	40	root mean square of the per-replication signed error
B7_shrinkage	base + margin | ridge=0	ipw+cal	kish_ess	1518.32	191.029	30.2044	40	
B7_shrinkage	base + margin | ridge=0	ipw+cal	max_weight_share	8.91356	3.57777	0.565695	40	
B7_shrinkage	base + margin | ridge=0	ipw+cal	max_abs_residual	1.51281e-09	2.02899e-09	3.20811e-10	40	non-zero by design once the ridge is positive
B7_shrinkage	base + margin | ridge=0.0001	ipw+cal	trait_bias_sd	-0.0339063	0.042903	0.00678357	40	mean is the bias; sd is the across-replication spread the ridge is buying
B7_shrinkage	base + margin | ridge=0.0001	ipw+cal	trait_abs_bias_sd	0.0339063	NA	NA	40	absolute value of the mean signed error
B7_shrinkage	base + margin | ridge=0.0001	ipw+cal	trait_rmse_sd	0.0542613	NA	NA	40	root mean square of the per-replication signed error
B7_shrinkage	base + margin | ridge=0.0001	ipw+cal	kish_ess	1518.57	191.05	30.2076	40	
B7_shrinkage	base + margin | ridge=0.0001	ipw+cal	max_weight_share	8.91251	3.57741	0.565639	40	
B7_shrinkage	base + margin | ridge=0.0001	ipw+cal	max_abs_residual	0.000107491	6.35301e-06	1.0045e-06	40	non-zero by design once the ridge is positive
B7_shrinkage	base + margin | ridge=0.001	ipw+cal	trait_bias_sd	-0.0328946	0.0428062	0.00676825	40	mean is the bias; sd is the across-replication spread the ridge is buying
B7_shrinkage	base + margin | ridge=0.001	ipw+cal	trait_abs_bias_sd	0.0328946	NA	NA	40	absolute value of the mean signed error
B7_shrinkage	base + margin | ridge=0.001	ipw+cal	trait_rmse_sd	0.0535595	NA	NA	40	root mean square of the per-replication signed error
B7_shrinkage	base + margin | ridge=0.001	ipw+cal	kish_ess	1520.82	191.227	30.2356	40	
B7_shrinkage	base + margin | ridge=0.001	ipw+cal	max_weight_share	8.90317	3.57425	0.565138	40	
B7_shrinkage	base + margin | ridge=0.001	ipw+cal	max_abs_residual	0.00106433	6.28986e-05	9.94514e-06	40	non-zero by design once the ridge is positive
B7_shrinkage	base + margin | ridge=0.003	ipw+cal	trait_bias_sd	-0.0307151	0.042598	0.00673534	40	mean is the bias; sd is the across-replication spread the ridge is buying
B7_shrinkage	base + margin | ridge=0.003	ipw+cal	trait_abs_bias_sd	0.0307151	NA	NA	40	absolute value of the mean signed error
B7_shrinkage	base + margin | ridge=0.003	ipw+cal	trait_rmse_sd	0.0520831	NA	NA	40	root mean square of the per-replication signed error
B7_shrinkage	base + margin | ridge=0.003	ipw+cal	kish_ess	1525.66	191.596	30.294	40	
B7_shrinkage	base + margin | ridge=0.003	ipw+cal	max_weight_share	8.88304	3.56743	0.564061	40	
B7_shrinkage	base + margin | ridge=0.003	ipw+cal	max_abs_residual	0.00312553	0.000184777	2.92158e-05	40	non-zero by design once the ridge is positive
B7_shrinkage	base + margin | ridge=0.01	ipw+cal	trait_bias_sd	-0.0237379	0.0419364	0.00663073	40	mean is the bias; sd is the across-replication spread the ridge is buying
B7_shrinkage	base + margin | ridge=0.01	ipw+cal	trait_abs_bias_sd	0.0237379	NA	NA	40	absolute value of the mean signed error
B7_shrinkage	base + margin | ridge=0.01	ipw+cal	trait_rmse_sd	0.0477303	NA	NA	40	root mean square of the per-replication signed error
B7_shrinkage	base + margin | ridge=0.01	ipw+cal	kish_ess	1540.95	192.663	30.4627	40	
B7_shrinkage	base + margin | ridge=0.01	ipw+cal	max_weight_share	8.81862	3.54563	0.560613	40	
B7_shrinkage	base + margin | ridge=0.01	ipw+cal	max_abs_residual	0.00972445	0.00057681	9.12016e-05	40	non-zero by design once the ridge is positive
B7_shrinkage	base + margin | ridge=0.03	ipw+cal	trait_bias_sd	-0.00780023	0.0404603	0.00639733	40	mean is the bias; sd is the across-replication spread the ridge is buying
B7_shrinkage	base + margin | ridge=0.03	ipw+cal	trait_abs_bias_sd	0.00780023	NA	NA	40	absolute value of the mean signed error
B7_shrinkage	base + margin | ridge=0.03	ipw+cal	trait_rmse_sd	0.0407057	NA	NA	40	root mean square of the per-replication signed error
B7_shrinkage	base + margin | ridge=0.03	ipw+cal	kish_ess	1574.78	194.408	30.7385	40	
B7_shrinkage	base + margin | ridge=0.03	ipw+cal	max_weight_share	8.67151	3.49608	0.552778	40	
B7_shrinkage	base + margin | ridge=0.03	ipw+cal	max_abs_residual	0.0248003	0.00149606	0.000236547	40	non-zero by design once the ridge is positive
B7_shrinkage	base + margin | ridge=0.1	ipw+cal	trait_bias_sd	0.0256082	0.0375813	0.00594213	40	mean is the bias; sd is the across-replication spread the ridge is buying
B7_shrinkage	base + margin | ridge=0.1	ipw+cal	trait_abs_bias_sd	0.0256082	NA	NA	40	absolute value of the mean signed error
B7_shrinkage	base + margin | ridge=0.1	ipw+cal	trait_rmse_sd	0.0450869	NA	NA	40	root mean square of the per-replication signed error
B7_shrinkage	base + margin | ridge=0.1	ipw+cal	kish_ess	1639.47	194.606	30.7699	40	
B7_shrinkage	base + margin | ridge=0.1	ipw+cal	max_weight_share	8.36337	3.39422	0.536673	40	
B7_shrinkage	base + margin | ridge=0.1	ipw+cal	max_abs_residual	0.056422	0.00361223	0.000571143	40	non-zero by design once the ridge is positive
B7_shrinkage	base + margin | ridge=0.3	ipw+cal	trait_bias_sd	0.0642078	0.0347326	0.00549171	40	mean is the bias; sd is the across-replication spread the ridge is buying
B7_shrinkage	base + margin | ridge=0.3	ipw+cal	trait_abs_bias_sd	0.0642078	NA	NA	40	absolute value of the mean signed error
B7_shrinkage	base + margin | ridge=0.3	ipw+cal	trait_rmse_sd	0.0727931	NA	NA	40	root mean square of the per-replication signed error
B7_shrinkage	base + margin | ridge=0.3	ipw+cal	kish_ess	1700.61	188.094	29.7402	40	
B7_shrinkage	base + margin | ridge=0.3	ipw+cal	max_weight_share	8.02105	3.27676	0.518101	40	
B7_shrinkage	base + margin | ridge=0.3	ipw+cal	max_abs_residual	0.0930033	0.00649947	0.00102766	40	non-zero by design once the ridge is positive
B7_shrinkage	base + margin | ridge=1	ipw+cal	trait_bias_sd	0.0965803	0.0328482	0.00519376	40	mean is the bias; sd is the across-replication spread the ridge is buying
B7_shrinkage	base + margin | ridge=1	ipw+cal	trait_abs_bias_sd	0.0965803	NA	NA	40	absolute value of the mean signed error
B7_shrinkage	base + margin | ridge=1	ipw+cal	trait_rmse_sd	0.101881	NA	NA	40	root mean square of the per-replication signed error
B7_shrinkage	base + margin | ridge=1	ipw+cal	kish_ess	1737.74	176.443	27.8981	40	
B7_shrinkage	base + margin | ridge=1	ipw+cal	max_weight_share	7.83596	3.15268	0.498482	40	
B7_shrinkage	base + margin | ridge=1	ipw+cal	max_abs_residual	0.123729	0.00936587	0.00148087	40	non-zero by design once the ridge is positive
B7_shrinkage	misspecified | ridge=0	ipw+cal	trait_bias_sd	-0.08281	0.0662269	0.0104714	40	mean is the bias; sd is the across-replication spread the ridge is buying
B7_shrinkage	misspecified | ridge=0	ipw+cal	trait_abs_bias_sd	0.08281	NA	NA	40	absolute value of the mean signed error
B7_shrinkage	misspecified | ridge=0	ipw+cal	trait_rmse_sd	0.105517	NA	NA	40	root mean square of the per-replication signed error
B7_shrinkage	misspecified | ridge=0	ipw+cal	kish_ess	1239.12	274.833	43.4549	40	
B7_shrinkage	misspecified | ridge=0	ipw+cal	max_weight_share	13.8729	7.06817	1.11758	40	
B7_shrinkage	misspecified | ridge=0	ipw+cal	max_abs_residual	1.22127e-09	2.13601e-09	3.37732e-10	40	non-zero by design once the ridge is positive
B7_shrinkage	misspecified | ridge=0.0001	ipw+cal	trait_bias_sd	-0.0826878	0.0662096	0.0104687	40	mean is the bias; sd is the across-replication spread the ridge is buying
B7_shrinkage	misspecified | ridge=0.0001	ipw+cal	trait_abs_bias_sd	0.0826878	NA	NA	40	absolute value of the mean signed error
B7_shrinkage	misspecified | ridge=0.0001	ipw+cal	trait_rmse_sd	0.105411	NA	NA	40	root mean square of the per-replication signed error
B7_shrinkage	misspecified | ridge=0.0001	ipw+cal	kish_ess	1239.3	274.839	43.4559	40	
B7_shrinkage	misspecified | ridge=0.0001	ipw+cal	max_weight_share	13.8714	7.06744	1.11746	40	
B7_shrinkage	misspecified | ridge=0.0001	ipw+cal	max_abs_residual	9.12026e-05	7.17069e-06	1.13379e-06	40	non-zero by design once the ridge is positive
B7_shrinkage	misspecified | ridge=0.001	ipw+cal	trait_bias_sd	-0.0816002	0.066055	0.0104442	40	mean is the bias; sd is the across-replication spread the ridge is buying
B7_shrinkage	misspecified | ridge=0.001	ipw+cal	trait_abs_bias_sd	0.0816002	NA	NA	40	absolute value of the mean signed error
B7_shrinkage	misspecified | ridge=0.001	ipw+cal	trait_rmse_sd	0.104464	NA	NA	40	root mean square of the per-replication signed error
B7_shrinkage	misspecified | ridge=0.001	ipw+cal	kish_ess	1240.95	274.894	43.4646	40	
B7_shrinkage	misspecified | ridge=0.001	ipw+cal	max_weight_share	13.8588	7.06093	1.11643	40	
B7_shrinkage	misspecified | ridge=0.001	ipw+cal	max_abs_residual	0.000903054	7.09941e-05	1.12252e-05	40	non-zero by design once the ridge is positive
B7_shrinkage	misspecified | ridge=0.003	ipw+cal	trait_bias_sd	-0.0792575	0.0657226	0.0103916	40	mean is the bias; sd is the across-replication spread the ridge is buying
B7_shrinkage	misspecified | ridge=0.003	ipw+cal	trait_abs_bias_sd	0.0792575	NA	NA	40	absolute value of the mean signed error
B7_shrinkage	misspecified | ridge=0.003	ipw+cal	trait_rmse_sd	0.102436	NA	NA	40	root mean square of the per-replication signed error
B7_shrinkage	misspecified | ridge=0.003	ipw+cal	kish_ess	1244.51	275.004	43.4819	40	
B7_shrinkage	misspecified | ridge=0.003	ipw+cal	max_weight_share	13.8316	7.04691	1.11421	40	
B7_shrinkage	misspecified | ridge=0.003	ipw+cal	max_abs_residual	0.00265178	0.000208534	3.29722e-05	40	non-zero by design once the ridge is positive
B7_shrinkage	misspecified | ridge=0.01	ipw+cal	trait_bias_sd	-0.0717627	0.0646619	0.0102239	40	mean is the bias; sd is the across-replication spread the ridge is buying
B7_shrinkage	misspecified | ridge=0.01	ipw+cal	trait_abs_bias_sd	0.0717627	NA	NA	40	absolute value of the mean signed error
B7_shrinkage	misspecified | ridge=0.01	ipw+cal	trait_rmse_sd	0.0960547	NA	NA	40	root mean square of the per-replication signed error
B7_shrinkage	misspecified | ridge=0.01	ipw+cal	kish_ess	1255.84	275.268	43.5237	40	
B7_shrinkage	misspecified | ridge=0.01	ipw+cal	max_weight_share	13.7445	7.00207	1.10712	40	
B7_shrinkage	misspecified | ridge=0.01	ipw+cal	max_abs_residual	0.00824623	0.000650308	0.000102823	40	non-zero by design once the ridge is positive
B7_shrinkage	misspecified | ridge=0.03	ipw+cal	trait_bias_sd	-0.0547087	0.062258	0.00984386	40	mean is the bias; sd is the across-replication spread the ridge is buying
B7_shrinkage	misspecified | ridge=0.03	ipw+cal	trait_abs_bias_sd	0.0547087	NA	NA	40	absolute value of the mean signed error
B7_shrinkage	misspecified | ridge=0.03	ipw+cal	trait_rmse_sd	0.0822934	NA	NA	40	root mean square of the per-replication signed error
B7_shrinkage	misspecified | ridge=0.03	ipw+cal	kish_ess	1281.32	275.355	43.5375	40	
B7_shrinkage	misspecified | ridge=0.03	ipw+cal	max_weight_share	13.5463	6.90003	1.09099	40	
B7_shrinkage	misspecified | ridge=0.03	ipw+cal	max_abs_residual	0.0209745	0.00167842	0.000265382	40	non-zero by design once the ridge is positive
B7_shrinkage	misspecified | ridge=0.1	ipw+cal	trait_bias_sd	-0.0194869	0.0573085	0.00906127	40	mean is the bias; sd is the across-replication spread the ridge is buying
B7_shrinkage	misspecified | ridge=0.1	ipw+cal	trait_abs_bias_sd	0.0194869	NA	NA	40	absolute value of the mean signed error
B7_shrinkage	misspecified | ridge=0.1	ipw+cal	trait_rmse_sd	0.0598489	NA	NA	40	root mean square of the per-replication signed error
B7_shrinkage	misspecified | ridge=0.1	ipw+cal	kish_ess	1332.27	273.063	43.175	40	
B7_shrinkage	misspecified | ridge=0.1	ipw+cal	max_weight_share	13.1368	6.68921	1.05766	40	
B7_shrinkage	misspecified | ridge=0.1	ipw+cal	max_abs_residual	0.0472505	0.00398594	0.000630232	40	non-zero by design once the ridge is positive
B7_shrinkage	misspecified | ridge=0.3	ipw+cal	trait_bias_sd	0.0199948	0.0518243	0.00819415	40	mean is the bias; sd is the across-replication spread the ridge is buying
B7_shrinkage	misspecified | ridge=0.3	ipw+cal	trait_abs_bias_sd	0.0199948	NA	NA	40	absolute value of the mean signed error
B7_shrinkage	misspecified | ridge=0.3	ipw+cal	trait_rmse_sd	0.0549401	NA	NA	40	root mean square of the per-replication signed error
B7_shrinkage	misspecified | ridge=0.3	ipw+cal	kish_ess	1385.75	266.292	42.1045	40	
B7_shrinkage	misspecified | ridge=0.3	ipw+cal	max_weight_share	12.6775	6.45282	1.02028	40	
B7_shrinkage	misspecified | ridge=0.3	ipw+cal	max_abs_residual	0.0766769	0.0069954	0.00110607	40	non-zero by design once the ridge is positive
B7_shrinkage	misspecified | ridge=1	ipw+cal	trait_bias_sd	0.051923	0.0475754	0.00752233	40	mean is the bias; sd is the across-replication spread the ridge is buying
B7_shrinkage	misspecified | ridge=1	ipw+cal	trait_abs_bias_sd	0.051923	NA	NA	40	absolute value of the mean signed error
B7_shrinkage	misspecified | ridge=1	ipw+cal	trait_rmse_sd	0.0700203	NA	NA	40	root mean square of the per-replication signed error
B7_shrinkage	misspecified | ridge=1	ipw+cal	kish_ess	1425.36	257.588	40.7282	40	
B7_shrinkage	misspecified | ridge=1	ipw+cal	max_weight_share	12.3057	6.2617	0.990061	40	
B7_shrinkage	misspecified | ridge=1	ipw+cal	max_abs_residual	0.100447	0.00983808	0.00155554	40	non-zero by design once the ridge is positive
B8_k_error	pooled / X + Y | delta=-0.20	ipw+cal	trait_bias_sd	-0.0552967	0.0455717	0.00720551	40	held-out trait mean; sd and mcse give the SD envelope and the 95% MC interval
B8_k_error	pooled / X + Y | delta=-0.20	ipw+cal	trait_rmse_sd	0.0712922	NA	NA	40	root mean square of the per-replication signed error
B8_k_error	pooled / X + Y | delta=-0.20	ipw+cal	unanchored_prevalence_error_pct	1.56846	10.7239	1.69559	40	disease 2, never supplied
B8_k_error	pooled / X + Y | delta=-0.20	ipw+cal	kish_ess	1470.27	188.264	29.7671	40	
B8_k_error	pooled / X + Y | delta=-0.10	ipw+cal	trait_bias_sd	-0.0446583	0.0442339	0.00699399	40	held-out trait mean; sd and mcse give the SD envelope and the 95% MC interval
B8_k_error	pooled / X + Y | delta=-0.10	ipw+cal	trait_rmse_sd	0.0624667	NA	NA	40	root mean square of the per-replication signed error
B8_k_error	pooled / X + Y | delta=-0.10	ipw+cal	unanchored_prevalence_error_pct	1.48693	10.4557	1.65319	40	disease 2, never supplied
B8_k_error	pooled / X + Y | delta=-0.10	ipw+cal	kish_ess	1494.52	189.811	30.0118	40	
B8_k_error	pooled / X + Y | delta=+0.00	ipw+cal	trait_bias_sd	-0.03402	0.0429139	0.00678529	40	held-out trait mean; sd and mcse give the SD envelope and the 95% MC interval
B8_k_error	pooled / X + Y | delta=+0.00	ipw+cal	trait_rmse_sd	0.0543408	NA	NA	40	root mean square of the per-replication signed error
B8_k_error	pooled / X + Y | delta=+0.00	ipw+cal	unanchored_prevalence_error_pct	1.40539	10.2	1.61275	40	disease 2, never supplied
B8_k_error	pooled / X + Y | delta=+0.00	ipw+cal	kish_ess	1518.32	191.029	30.2044	40	
B8_k_error	pooled / X + Y | delta=+0.10	ipw+cal	trait_bias_sd	-0.0233816	0.0416135	0.00657968	40	held-out trait mean; sd and mcse give the SD envelope and the 95% MC interval
B8_k_error	pooled / X + Y | delta=+0.10	ipw+cal	trait_rmse_sd	0.0472768	NA	NA	40	root mean square of the per-replication signed error
B8_k_error	pooled / X + Y | delta=+0.10	ipw+cal	unanchored_prevalence_error_pct	1.32386	9.95769	1.57445	40	disease 2, never supplied
B8_k_error	pooled / X + Y | delta=+0.10	ipw+cal	kish_ess	1541.57	191.894	30.3411	40	
B8_k_error	pooled / X + Y | delta=+0.20	ipw+cal	trait_bias_sd	-0.0127432	0.0403346	0.00637746	40	held-out trait mean; sd and mcse give the SD envelope and the 95% MC interval
B8_k_error	pooled / X + Y | delta=+0.20	ipw+cal	trait_rmse_sd	0.0418162	NA	NA	40	root mean square of the per-replication signed error
B8_k_error	pooled / X + Y | delta=+0.20	ipw+cal	unanchored_prevalence_error_pct	1.24233	9.72989	1.53843	40	disease 2, never supplied
B8_k_error	pooled / X + Y | delta=+0.20	ipw+cal	kish_ess	1564.18	192.383	30.4184	40	
B8_k_error	stratified / X + Y | delta=-0.20	ipw+cal	trait_bias_sd	-0.0428975	0.0454694	0.00718934	40	held-out trait mean; sd and mcse give the SD envelope and the 95% MC interval
B8_k_error	stratified / X + Y | delta=-0.20	ipw+cal	trait_rmse_sd	0.0620965	NA	NA	40	root mean square of the per-replication signed error
B8_k_error	stratified / X + Y | delta=-0.20	ipw+cal	unanchored_prevalence_error_pct	1.73246	10.7004	1.69189	40	disease 2, never supplied
B8_k_error	stratified / X + Y | delta=-0.20	ipw+cal	kish_ess	1487.67	189.805	30.0108	40	
B8_k_error	stratified / X + Y | delta=-0.10	ipw+cal	trait_bias_sd	-0.0330513	0.0440817	0.00696993	40	held-out trait mean; sd and mcse give the SD envelope and the 95% MC interval
B8_k_error	stratified / X + Y | delta=-0.10	ipw+cal	trait_rmse_sd	0.0546535	NA	NA	40	root mean square of the per-replication signed error
B8_k_error	stratified / X + Y | delta=-0.10	ipw+cal	unanchored_prevalence_error_pct	1.63681	10.4262	1.64853	40	disease 2, never supplied
B8_k_error	stratified / X + Y | delta=-0.10	ipw+cal	kish_ess	1512.18	191.242	30.238	40	
B8_k_error	stratified / X + Y | delta=+0.00	ipw+cal	trait_bias_sd	-0.023205	0.0427118	0.00675333	40	held-out trait mean; sd and mcse give the SD envelope and the 95% MC interval
B8_k_error	stratified / X + Y | delta=+0.00	ipw+cal	trait_rmse_sd	0.0481369	NA	NA	40	root mean square of the per-replication signed error
B8_k_error	stratified / X + Y | delta=+0.00	ipw+cal	unanchored_prevalence_error_pct	1.54115	10.1654	1.60729	40	disease 2, never supplied
B8_k_error	stratified / X + Y | delta=+0.00	ipw+cal	kish_ess	1536.07	192.333	30.4105	40	
B8_k_error	stratified / X + Y | delta=+0.10	ipw+cal	trait_bias_sd	-0.0133588	0.0413613	0.0065398	40	held-out trait mean; sd and mcse give the SD envelope and the 95% MC interval
B8_k_error	stratified / X + Y | delta=+0.10	ipw+cal	trait_rmse_sd	0.0429703	NA	NA	40	root mean square of the per-replication signed error
B8_k_error	stratified / X + Y | delta=+0.10	ipw+cal	unanchored_prevalence_error_pct	1.4455	9.91917	1.56836	40	disease 2, never supplied
B8_k_error	stratified / X + Y | delta=+0.10	ipw+cal	kish_ess	1559.24	193.056	30.5248	40	
B8_k_error	stratified / X + Y | delta=+0.20	ipw+cal	trait_bias_sd	-0.00351258	0.0400322	0.00632965	40	held-out trait mean; sd and mcse give the SD envelope and the 95% MC interval
B8_k_error	stratified / X + Y | delta=+0.20	ipw+cal	trait_rmse_sd	0.0396844	NA	NA	40	root mean square of the per-replication signed error
B8_k_error	stratified / X + Y | delta=+0.20	ipw+cal	unanchored_prevalence_error_pct	1.34984	9.68857	1.5319	40	disease 2, never supplied
B8_k_error	stratified / X + Y | delta=+0.20	ipw+cal	kish_ess	1581.61	193.389	30.5776	40	
B8_k_error	pooled / X x Y | delta=-0.20	ipw+cal	trait_bias_sd	-0.109466	0.0688889	0.0108923	40	held-out trait mean; sd and mcse give the SD envelope and the 95% MC interval
B8_k_error	pooled / X x Y | delta=-0.20	ipw+cal	trait_rmse_sd	0.12888	NA	NA	40	root mean square of the per-replication signed error
B8_k_error	pooled / X x Y | delta=-0.20	ipw+cal	unanchored_prevalence_error_pct	1.40827	11.9979	1.89703	40	disease 2, never supplied
B8_k_error	pooled / X x Y | delta=-0.20	ipw+cal	kish_ess	1197.82	270.344	42.7451	40	
B8_k_error	pooled / X x Y | delta=-0.10	ipw+cal	trait_bias_sd	-0.0961382	0.0675552	0.0106814	40	held-out trait mean; sd and mcse give the SD envelope and the 95% MC interval
B8_k_error	pooled / X x Y | delta=-0.10	ipw+cal	trait_rmse_sd	0.117013	NA	NA	40	root mean square of the per-replication signed error
B8_k_error	pooled / X x Y | delta=-0.10	ipw+cal	unanchored_prevalence_error_pct	1.31167	11.6814	1.84699	40	disease 2, never supplied
B8_k_error	pooled / X x Y | delta=-0.10	ipw+cal	kish_ess	1218.57	272.805	43.1343	40	
B8_k_error	pooled / X x Y | delta=+0.00	ipw+cal	trait_bias_sd	-0.08281	0.0662269	0.0104714	40	held-out trait mean; sd and mcse give the SD envelope and the 95% MC interval
B8_k_error	pooled / X x Y | delta=+0.00	ipw+cal	trait_rmse_sd	0.105517	NA	NA	40	root mean square of the per-replication signed error
B8_k_error	pooled / X x Y | delta=+0.00	ipw+cal	unanchored_prevalence_error_pct	1.21506	11.3722	1.7981	40	disease 2, never supplied
B8_k_error	pooled / X x Y | delta=+0.00	ipw+cal	kish_ess	1239.12	274.833	43.4549	40	
B8_k_error	pooled / X x Y | delta=+0.10	ipw+cal	trait_bias_sd	-0.0694817	0.0649046	0.0102623	40	held-out trait mean; sd and mcse give the SD envelope and the 95% MC interval
B8_k_error	pooled / X x Y | delta=+0.10	ipw+cal	trait_rmse_sd	0.0945251	NA	NA	40	root mean square of the per-replication signed error
B8_k_error	pooled / X x Y | delta=+0.10	ipw+cal	unanchored_prevalence_error_pct	1.11845	11.0708	1.75044	40	disease 2, never supplied
B8_k_error	pooled / X x Y | delta=+0.10	ipw+cal	kish_ess	1259.41	276.394	43.7017	40	
B8_k_error	pooled / X x Y | delta=+0.20	ipw+cal	trait_bias_sd	-0.0561535	0.0635885	0.0100542	40	held-out trait mean; sd and mcse give the SD envelope and the 95% MC interval
B8_k_error	pooled / X x Y | delta=+0.20	ipw+cal	trait_rmse_sd	0.0842355	NA	NA	40	root mean square of the per-replication signed error
B8_k_error	pooled / X x Y | delta=+0.20	ipw+cal	unanchored_prevalence_error_pct	1.02185	10.7779	1.70413	40	disease 2, never supplied
B8_k_error	pooled / X x Y | delta=+0.20	ipw+cal	kish_ess	1279.41	277.456	43.8697	40	
B8_k_error	pooled / stratum-differential | delta=-0.20	ipw+cal	trait_bias_sd	-0.0658836	0.0570877	0.00902635	40	held-out trait mean; sd and mcse give the SD envelope and the 95% MC interval
B8_k_error	pooled / stratum-differential | delta=-0.20	ipw+cal	trait_rmse_sd	0.0867074	NA	NA	40	root mean square of the per-replication signed error
B8_k_error	pooled / stratum-differential | delta=-0.20	ipw+cal	unanchored_prevalence_error_pct	1.53934	13.7551	2.17487	40	disease 2, never supplied
B8_k_error	pooled / stratum-differential | delta=-0.20	ipw+cal	kish_ess	1254.7	191.14	30.2219	40	
B8_k_error	pooled / stratum-differential | delta=-0.10	ipw+cal	trait_bias_sd	-0.0552401	0.0557228	0.00881055	40	held-out trait mean; sd and mcse give the SD envelope and the 95% MC interval
B8_k_error	pooled / stratum-differential | delta=-0.10	ipw+cal	trait_rmse_sd	0.0779671	NA	NA	40	root mean square of the per-replication signed error
B8_k_error	pooled / stratum-differential | delta=-0.10	ipw+cal	unanchored_prevalence_error_pct	1.45509	13.4094	2.12021	40	disease 2, never supplied
B8_k_error	pooled / stratum-differential | delta=-0.10	ipw+cal	kish_ess	1277.71	193.781	30.6394	40	
B8_k_error	pooled / stratum-differential | delta=+0.00	ipw+cal	trait_bias_sd	-0.0445967	0.0543651	0.00859588	40	held-out trait mean; sd and mcse give the SD envelope and the 95% MC interval
B8_k_error	pooled / stratum-differential | delta=+0.00	ipw+cal	trait_rmse_sd	0.0697893	NA	NA	40	root mean square of the per-replication signed error
B8_k_error	pooled / stratum-differential | delta=+0.00	ipw+cal	unanchored_prevalence_error_pct	1.37083	13.07	2.06656	40	disease 2, never supplied
B8_k_error	pooled / stratum-differential | delta=+0.00	ipw+cal	kish_ess	1300.74	196.266	31.0323	40	
B8_k_error	pooled / stratum-differential | delta=+0.10	ipw+cal	trait_bias_sd	-0.0339533	0.0530152	0.00838244	40	held-out trait mean; sd and mcse give the SD envelope and the 95% MC interval
B8_k_error	pooled / stratum-differential | delta=+0.10	ipw+cal	trait_rmse_sd	0.0623953	NA	NA	40	root mean square of the per-replication signed error
B8_k_error	pooled / stratum-differential | delta=+0.10	ipw+cal	unanchored_prevalence_error_pct	1.28658	12.7376	2.01399	40	disease 2, never supplied
B8_k_error	pooled / stratum-differential | delta=+0.10	ipw+cal	kish_ess	1323.74	198.576	31.3977	40	
B8_k_error	pooled / stratum-differential | delta=+0.20	ipw+cal	trait_bias_sd	-0.0233098	0.0516737	0.00817033	40	held-out trait mean; sd and mcse give the SD envelope and the 95% MC interval
B8_k_error	pooled / stratum-differential | delta=+0.20	ipw+cal	trait_rmse_sd	0.056096	NA	NA	40	root mean square of the per-replication signed error
B8_k_error	pooled / stratum-differential | delta=+0.20	ipw+cal	unanchored_prevalence_error_pct	1.20233	12.4125	1.9626	40	disease 2, never supplied
B8_k_error	pooled / stratum-differential | delta=+0.20	ipw+cal	kish_ess	1346.67	200.694	31.7325	40	
B8_k_error	stratified / stratum-differential | delta=-0.20	ipw+cal	trait_bias_sd	-0.0330344	0.0563088	0.0089032	40	held-out trait mean; sd and mcse give the SD envelope and the 95% MC interval
B8_k_error	stratified / stratum-differential | delta=-0.20	ipw+cal	trait_rmse_sd	0.0646737	NA	NA	40	root mean square of the per-replication signed error
B8_k_error	stratified / stratum-differential | delta=-0.20	ipw+cal	unanchored_prevalence_error_pct	1.7622	13.9583	2.20701	40	disease 2, never supplied
B8_k_error	stratified / stratum-differential | delta=-0.20	ipw+cal	kish_ess	1345.24	193.451	30.5873	40	
B8_k_error	stratified / stratum-differential | delta=-0.10	ipw+cal	trait_bias_sd	-0.0234381	0.054878	0.00867698	40	held-out trait mean; sd and mcse give the SD envelope and the 95% MC interval
B8_k_error	stratified / stratum-differential | delta=-0.10	ipw+cal	trait_rmse_sd	0.0590394	NA	NA	40	root mean square of the per-replication signed error
B8_k_error	stratified / stratum-differential | delta=-0.10	ipw+cal	unanchored_prevalence_error_pct	1.64367	13.5935	2.14931	40	disease 2, never supplied
B8_k_error	stratified / stratum-differential | delta=-0.10	ipw+cal	kish_ess	1367.41	194.929	30.821	40	
B8_k_error	stratified / stratum-differential | delta=+0.00	ipw+cal	trait_bias_sd	-0.0138418	0.0534575	0.00845237	40	held-out trait mean; sd and mcse give the SD envelope and the 95% MC interval
B8_k_error	stratified / stratum-differential | delta=+0.00	ipw+cal	trait_rmse_sd	0.0545697	NA	NA	40	root mean square of the per-replication signed error
B8_k_error	stratified / stratum-differential | delta=+0.00	ipw+cal	unanchored_prevalence_error_pct	1.52513	13.2365	2.09287	40	disease 2, never supplied
B8_k_error	stratified / stratum-differential | delta=+0.00	ipw+cal	kish_ess	1389.07	196.053	30.9987	40	
B8_k_error	stratified / stratum-differential | delta=+0.10	ipw+cal	trait_bias_sd	-0.00424555	0.0520479	0.00822949	40	held-out trait mean; sd and mcse give the SD envelope and the 95% MC interval
B8_k_error	stratified / stratum-differential | delta=+0.10	ipw+cal	trait_rmse_sd	0.0515682	NA	NA	40	root mean square of the per-replication signed error
B8_k_error	stratified / stratum-differential | delta=+0.10	ipw+cal	unanchored_prevalence_error_pct	1.40659	12.888	2.03777	40	disease 2, never supplied
B8_k_error	stratified / stratum-differential | delta=+0.10	ipw+cal	kish_ess	1410.13	196.801	31.117	40	
B8_k_error	stratified / stratum-differential | delta=+0.20	ipw+cal	trait_bias_sd	0.00535073	0.0506501	0.00800848	40	held-out trait mean; sd and mcse give the SD envelope and the 95% MC interval
B8_k_error	stratified / stratum-differential | delta=+0.20	ipw+cal	trait_rmse_sd	0.0502984	NA	NA	40	root mean square of the per-replication signed error
B8_k_error	stratified / stratum-differential | delta=+0.20	ipw+cal	unanchored_prevalence_error_pct	1.28805	12.5488	1.98414	40	disease 2, never supplied
B8_k_error	stratified / stratum-differential | delta=+0.20	ipw+cal	kish_ess	1430.52	197.153	31.1726	40	
B8_k_error	pooled / severity | delta=-0.20	ipw+cal	trait_bias_sd	-0.0621121	0.0598673	0.00946586	40	held-out trait mean; sd and mcse give the SD envelope and the 95% MC interval
B8_k_error	pooled / severity | delta=-0.20	ipw+cal	trait_rmse_sd	0.0857462	NA	NA	40	root mean square of the per-replication signed error
B8_k_error	pooled / severity | delta=-0.20	ipw+cal	unanchored_prevalence_error_pct	2.53496	13.9823	2.21079	40	disease 2, never supplied
B8_k_error	pooled / severity | delta=-0.20	ipw+cal	kish_ess	1322.43	220.621	34.8833	40	
B8_k_error	pooled / severity | delta=-0.10	ipw+cal	trait_bias_sd	-0.0510861	0.0583596	0.00922746	40	held-out trait mean; sd and mcse give the SD envelope and the 95% MC interval
B8_k_error	pooled / severity | delta=-0.10	ipw+cal	trait_rmse_sd	0.0770096	NA	NA	40	root mean square of the per-replication signed error
B8_k_error	pooled / severity | delta=-0.10	ipw+cal	unanchored_prevalence_error_pct	2.44594	13.6251	2.15432	40	disease 2, never supplied
B8_k_error	pooled / severity | delta=-0.10	ipw+cal	kish_ess	1346.14	223.512	35.3403	40	
B8_k_error	pooled / severity | delta=+0.00	ipw+cal	trait_bias_sd	-0.0400601	0.0568606	0.00899045	40	held-out trait mean; sd and mcse give the SD envelope and the 95% MC interval
B8_k_error	pooled / severity | delta=+0.00	ipw+cal	trait_rmse_sd	0.0689718	NA	NA	40	root mean square of the per-replication signed error
B8_k_error	pooled / severity | delta=+0.00	ipw+cal	unanchored_prevalence_error_pct	2.35693	13.2763	2.09917	40	disease 2, never supplied
B8_k_error	pooled / severity | delta=+0.00	ipw+cal	kish_ess	1369.77	226.195	35.7646	40	
B8_k_error	pooled / severity | delta=+0.10	ipw+cal	trait_bias_sd	-0.0290341	0.0553711	0.00875494	40	held-out trait mean; sd and mcse give the SD envelope and the 95% MC interval
B8_k_error	pooled / severity | delta=+0.10	ipw+cal	trait_rmse_sd	0.0619054	NA	NA	40	root mean square of the per-replication signed error
B8_k_error	pooled / severity | delta=+0.10	ipw+cal	unanchored_prevalence_error_pct	2.26791	12.9366	2.04546	40	disease 2, never supplied
B8_k_error	pooled / severity | delta=+0.10	ipw+cal	kish_ess	1393.27	228.649	36.1527	40	
B8_k_error	pooled / severity | delta=+0.20	ipw+cal	trait_bias_sd	-0.0180081	0.0538919	0.00852105	40	held-out trait mean; sd and mcse give the SD envelope and the 95% MC interval
B8_k_error	pooled / severity | delta=+0.20	ipw+cal	trait_rmse_sd	0.0561784	NA	NA	40	root mean square of the per-replication signed error
B8_k_error	pooled / severity | delta=+0.20	ipw+cal	unanchored_prevalence_error_pct	2.17889	12.6067	1.99329	40	disease 2, never supplied
B8_k_error	pooled / severity | delta=+0.20	ipw+cal	kish_ess	1416.57	230.852	36.5009	40	
B8_k_error	severity / severity | delta=-0.20	ipw+cal	trait_bias_sd	-0.0636902	0.059748	0.009447	40	held-out trait mean; sd and mcse give the SD envelope and the 95% MC interval
B8_k_error	severity / severity | delta=-0.20	ipw+cal	trait_rmse_sd	0.086816	NA	NA	40	root mean square of the per-replication signed error
B8_k_error	severity / severity | delta=-0.20	ipw+cal	unanchored_prevalence_error_pct	2.51555	14.0404	2.21998	40	disease 2, never supplied
B8_k_error	severity / severity | delta=-0.20	ipw+cal	kish_ess	1322.05	220.478	34.8606	40	
B8_k_error	severity / severity | delta=-0.10	ipw+cal	trait_bias_sd	-0.0528614	0.0582259	0.00920632	40	held-out trait mean; sd and mcse give the SD envelope and the 95% MC interval
B8_k_error	severity / severity | delta=-0.10	ipw+cal	trait_rmse_sd	0.0781014	NA	NA	40	root mean square of the per-replication signed error
B8_k_error	severity / severity | delta=-0.10	ipw+cal	unanchored_prevalence_error_pct	2.42411	13.6888	2.16439	40	disease 2, never supplied
B8_k_error	severity / severity | delta=-0.10	ipw+cal	kish_ess	1345.64	223.325	35.3108	40	
B8_k_error	severity / severity | delta=+0.00	ipw+cal	trait_bias_sd	-0.0420327	0.0567127	0.00896706	40	held-out trait mean; sd and mcse give the SD envelope and the 95% MC interval
B8_k_error	severity / severity | delta=+0.00	ipw+cal	trait_rmse_sd	0.070019	NA	NA	40	root mean square of the per-replication signed error
B8_k_error	severity / severity | delta=+0.00	ipw+cal	unanchored_prevalence_error_pct	2.33267	13.345	2.11004	40	disease 2, never supplied
B8_k_error	severity / severity | delta=+0.00	ipw+cal	kish_ess	1369.14	225.958	35.7271	40	
B8_k_error	severity / severity | delta=+0.10	ipw+cal	trait_bias_sd	-0.031204	0.0552091	0.00872933	40	held-out trait mean; sd and mcse give the SD envelope and the 95% MC interval
B8_k_error	severity / severity | delta=+0.10	ipw+cal	trait_rmse_sd	0.0628135	NA	NA	40	root mean square of the per-replication signed error
B8_k_error	severity / severity | delta=+0.10	ipw+cal	unanchored_prevalence_error_pct	2.24122	13.0098	2.05703	40	disease 2, never supplied
B8_k_error	severity / severity | delta=+0.10	ipw+cal	kish_ess	1392.47	228.354	36.106	40	
B8_k_error	severity / severity | delta=+0.20	ipw+cal	trait_bias_sd	-0.0203752	0.0537161	0.00849326	40	held-out trait mean; sd and mcse give the SD envelope and the 95% MC interval
B8_k_error	severity / severity | delta=+0.20	ipw+cal	trait_rmse_sd	0.0568193	NA	NA	40	root mean square of the per-replication signed error
B8_k_error	severity / severity | delta=+0.20	ipw+cal	unanchored_prevalence_error_pct	2.14978	12.6837	2.00547	40	disease 2, never supplied
B8_k_error	severity / severity | delta=+0.20	ipw+cal	kish_ess	1415.59	230.492	36.4439	40	
B8_k_error	reference | X + Y	naive	trait_bias_sd	0.479256	0.0743031	0.0117484	40	does not depend on delta; the scale the curves sit on
B8_k_error	reference | X + Y	ipw	trait_bias_sd	0.12	0.0318346	0.00503349	40	does not depend on delta; the scale the curves sit on
B8_k_error	reference | X + Y	oracle	trait_bias_sd	0.0012867	0.0253866	0.00401397	40	does not depend on delta; the scale the curves sit on
B8_k_error	reference | X x Y	naive	trait_bias_sd	0.558208	0.104888	0.0165843	40	does not depend on delta; the scale the curves sit on
B8_k_error	reference | X x Y	ipw	trait_bias_sd	0.0742888	0.0448218	0.00708694	40	does not depend on delta; the scale the curves sit on
B8_k_error	reference | X x Y	oracle	trait_bias_sd	0.000602464	0.0278929	0.00441025	40	does not depend on delta; the scale the curves sit on
B8_k_error	reference | stratum-differential	naive	trait_bias_sd	0.545758	0.0730618	0.0115521	40	does not depend on delta; the scale the curves sit on
B8_k_error	reference | stratum-differential	ipw	trait_bias_sd	0.122823	0.0411703	0.00650959	40	does not depend on delta; the scale the curves sit on
B8_k_error	reference | stratum-differential	oracle	trait_bias_sd	-0.00105723	0.0296323	0.00468528	40	does not depend on delta; the scale the curves sit on
B8_k_error	reference | severity	naive	trait_bias_sd	0.547727	0.0820401	0.0129717	40	does not depend on delta; the scale the curves sit on
B8_k_error	reference | severity	ipw	trait_bias_sd	0.158807	0.0407364	0.006441	40	does not depend on delta; the scale the curves sit on
B8_k_error	reference | severity	oracle	trait_bias_sd	-7.68161e-05	0.0296987	0.00469577	40	does not depend on delta; the scale the curves sit on
